gene	hgvs_p	hgvs_g	gnomad_freq	clinical_sig	molecular_consequence	review_status
ATP7A	p.S637L		0.0	Pathogenic/Likely_pathogenic	missense	criteria_provided,_multiple_submitters
ATP7A	p.G1019D		0.0	Pathogenic/Likely_pathogenic	missense	criteria_provided,_multiple_submitters
ATP7A	p.T994I		0.0	Pathogenic/Likely_pathogenic	missense	criteria_provided,_multiple_submitters
ATP7A	p.G666R		0.0	Pathogenic/Likely_pathogenic	missense	criteria_provided,_multiple_submitters
ATP7A	p.P852L		0.0	Pathogenic	missense	criteria_provided,_multiple_submitters
ATP7A	p.K1037N		0.0	Pathogenic	missense	criteria_provided,_multiple_submitters
ATP7A	p.D859G		0.0	Pathogenic	missense	criteria_provided,_multiple_submitters
ATP7A	p.A629P		0.0	Pathogenic/Likely_pathogenic	missense	criteria_provided,_multiple_submitters
ATP7A	p.R844H		0.0	Pathogenic/Likely_pathogenic	missense	criteria_provided,_multiple_submitters
ATP7A	p.L1006P		0.0	Pathogenic/Likely_pathogenic	missense	criteria_provided,_multiple_submitters
ATP7A	p.L706R		0.0	Pathogenic/Likely_pathogenic	missense	criteria_provided,_multiple_submitters
ATP7A	p.L873R		0.0	Pathogenic/Likely_pathogenic	missense	criteria_provided,_multiple_submitters
ATP7A	p.G1005R		0.0	Pathogenic/Likely_pathogenic	missense	criteria_provided,_multiple_submitters
ATP7A	p.Q724H		0.0	Pathogenic/Likely_pathogenic	missense	criteria_provided,_multiple_submitters
ATP7A	p.V917D		0.0	Pathogenic/Likely_pathogenic	missense	criteria_provided,_multiple_submitters
ATP7A	p.K927N		0.0	Pathogenic/Likely_pathogenic	missense	criteria_provided,_multiple_submitters
ATP7A	p.P1001L		0.0	Pathogenic/Likely_pathogenic	missense	criteria_provided,_multiple_submitters
ATP7A	p.G1017R		0.0	Pathogenic/Likely_pathogenic	missense	criteria_provided,_multiple_submitters
ATP7A	p.A991D		0.0	Pathogenic/Likely_pathogenic	missense	criteria_provided,_multiple_submitters
ATP7A	p.T376K		0.0	Pathogenic	missense	criteria_provided,_multiple_submitters
ATP7A	p.E429G		0.0	Pathogenic	missense	criteria_provided,_multiple_submitters
ATP7A	p.S833G		0.0	Pathogenic	missense	criteria_provided,_multiple_submitters
ATP7A	p.T376A		0.0	Pathogenic	missense	criteria_provided,_multiple_submitters
ATP7A	p.I308M		0.0	Pathogenic	missense	criteria_provided,_multiple_submitters
ATP7A	p.I506V		0.0	Pathogenic	missense	criteria_provided,_multiple_submitters
ATP7A	p.E968G		0.0	Pathogenic	missense	criteria_provided,_multiple_submitters
ATP7A	p.R652Q		0.0	Pathogenic	missense	criteria_provided,_multiple_submitters
ATP7A	p.E840V		0.0	Pathogenic	missense	criteria_provided,_multiple_submitters
ATP7A	p.N294Y		0.0	Pathogenic	missense	criteria_provided,_multiple_submitters
ATP7A	p.I282V		0.0	Pathogenic	missense	criteria_provided,_multiple_submitters
ATP7A	p.R123K		0.0	Pathogenic	missense	criteria_provided,_multiple_submitters
ATP7A	p.L520F		0.0	Pathogenic	missense	criteria_provided,_multiple_submitters
ATP7A	p.V711I		0.0	Pathogenic	missense	criteria_provided,_multiple_submitters
ATP7A	p.A504T		0.0	Pathogenic	missense	criteria_provided,_multiple_submitters
ATP7A	p.V380M		0.0	Pathogenic	missense	criteria_provided,_multiple_submitters
ATP7A	p.G1019S		0.0	Uncertain_significance	missense	criteria_provided,_multiple_submitters
ATP7A	p.G404D		0.0	Uncertain_significance	missense	criteria_provided,_multiple_submitters
ATP7A	p.G626R		0.0	Uncertain_significance	missense	criteria_provided,_multiple_submitters
ATP7A	p.D72Y		0.0	Uncertain_significance	missense	criteria_provided,_multiple_submitters
ATP7A	p.S349R		0.0	Uncertain_significance	missense	criteria_provided,_multiple_submitters
ATP7A	p.E469G		0.0	Uncertain_significance	missense	criteria_provided,_multiple_submitters
ATP7A	p.E513K		0.0	Uncertain_significance	missense	criteria_provided,_multiple_submitters
ATP7A	p.P80S		0.0	Uncertain_significance	missense	criteria_provided,_multiple_submitters
ATP7A	p.A1035T		0.0	Likely_benign	missense	criteria_provided,_multiple_submitters
ATP7A	p.Q241R		0.0	Uncertain_significance	missense	criteria_provided,_multiple_submitters
ATP7A	p.P610L		0.0	Likely_benign	missense	criteria_provided,_multiple_submitters
ATP7A	p.V995G		0.0	Uncertain_significance	missense	criteria_provided,_multiple_submitters
ATP7A	p.R508W		0.0	Benign	missense	criteria_provided,_multiple_submitters
ATP7A	p.I335M		0.0	Uncertain_significance	missense	criteria_provided,_multiple_submitters
ATP7A	p.K156M		0.0	Uncertain_significance	missense	criteria_provided,_multiple_submitters
ATP7A	p.E483G		0.0	Likely_benign	missense	criteria_provided,_multiple_submitters
ATP7A	p.A604T		0.0	Uncertain_significance	missense	criteria_provided,_multiple_submitters
ATP7A	p.H677D		0.0	Likely_benign	missense	criteria_provided,_multiple_submitters
ATP7A	p.N275S		0.0	Likely_benign	missense	criteria_provided,_multiple_submitters
ATP7A	p.F281L		0.0	Likely_benign	missense	criteria_provided,_multiple_submitters
ATP7A	p.R511S		0.0	Uncertain_significance	missense	criteria_provided,_multiple_submitters
ATP7A	p.A988V		0.0	Uncertain_significance	missense	criteria_provided,_multiple_submitters
ATP7A	p.R531M		0.0	Uncertain_significance	missense	criteria_provided,_multiple_submitters
ATP7A	p.G1015A		0.0	Uncertain_significance	missense	criteria_provided,_multiple_submitters
ATP7A	p.V521M		0.0	Likely_benign	missense	criteria_provided,_multiple_submitters
ATP7A	p.H683Y		0.0	Uncertain_significance	missense	criteria_provided,_multiple_submitters
ATP7A	p.Y321H		0.0	Uncertain_significance	missense	criteria_provided,_multiple_submitters
ATP7A	p.P340L		0.0	Likely_benign	missense	criteria_provided,_multiple_submitters
ATP7A	p.L599V		0.0	Uncertain_significance	missense	criteria_provided,_multiple_submitters
ATP7A	p.I1026T		0.0	Uncertain_significance	missense	criteria_provided,_multiple_submitters
ATP7A	p.G496C		0.0	Uncertain_significance	missense	criteria_provided,_multiple_submitters
ATP7A	p.M524V		0.0	Uncertain_significance	missense	criteria_provided,_multiple_submitters
ATP7A	p.I890T		0.0	Uncertain_significance	missense	criteria_provided,_multiple_submitters
ATP7A	p.V851I		0.0	Uncertain_significance	missense	criteria_provided,_multiple_submitters
ATP7A	p.D635N		0.0	Uncertain_significance	missense	criteria_provided,_multiple_submitters
ATP7A	p.I847T		0.0	Uncertain_significance	missense	criteria_provided,_multiple_submitters
ATP7A	p.L302R		0.0	Uncertain_significance	missense	criteria_provided,_multiple_submitters
ATP7A	p.I492V		0.0	Benign	missense	criteria_provided,_multiple_submitters
ATP7A	p.V721I		0.0	Uncertain_significance	missense	criteria_provided,_multiple_submitters
ATP7A	p.E623K		0.0	Uncertain_significance	missense	criteria_provided,_multiple_submitters
ATP7A	p.E921Q		0.0	Uncertain_significance	missense	criteria_provided,_multiple_submitters
ATP7A	p.N137S		0.0	Likely_benign	missense	criteria_provided,_multiple_submitters
ATP7A	p.V948I		0.0	Uncertain_significance	missense	criteria_provided,_multiple_submitters
ATP7A	p.T1010S		0.0	Uncertain_significance	missense	criteria_provided,_multiple_submitters
ATP7A	p.S445L		0.0	Uncertain_significance	missense	criteria_provided,_multiple_submitters
ATP7A	p.T186A		0.0	Uncertain_significance	missense	criteria_provided,_multiple_submitters
ATP7A	p.M868T		0.0	Uncertain_significance	missense	criteria_provided,_multiple_submitters
ATP7A	p.R254C		0.0	Likely_benign	missense	criteria_provided,_multiple_submitters
ATP7A	p.K633E		0.0	Uncertain_significance	missense	criteria_provided,_multiple_submitters
ATP7A	p.V134L		0.0	Uncertain_significance	missense	criteria_provided,_multiple_submitters
ATP7A	p.H102R		0.0	Uncertain_significance	missense	criteria_provided,_multiple_submitters
ATP7A	p.Y970C		0.0	Uncertain_significance	missense	criteria_provided,_multiple_submitters
ATP7A	p.A136T		0.0	Likely_benign	missense	criteria_provided,_multiple_submitters
ATP7A	p.A951T		0.0	Uncertain_significance	missense	criteria_provided,_multiple_submitters
ATP7A	p.T472A		0.0	Uncertain_significance	missense	criteria_provided,_multiple_submitters
ATP7A	p.N369S		0.0	Likely_benign	missense	criteria_provided,_multiple_submitters
ATP7A	p.F717L		0.0	Uncertain_significance	missense	criteria_provided,_multiple_submitters
ATP7A	p.R315S		0.0	Uncertain_significance	missense	criteria_provided,_multiple_submitters
ATP7A	p.H183R		0.0	Uncertain_significance	missense	criteria_provided,_multiple_submitters
ATP7A	p.R636Q		0.0	Likely_benign	missense	criteria_provided,_multiple_submitters
ATP7A	p.E561Q		0.0	Uncertain_significance	missense	criteria_provided,_multiple_submitters
ATP7A	p.I220T		0.0	Uncertain_significance	missense	criteria_provided,_multiple_submitters
ATP7A	p.V858G		0.0	Uncertain_significance	missense	criteria_provided,_multiple_submitters
ATP7A	p.C391S		0.0	Uncertain_significance	missense	criteria_provided,_multiple_submitters
ATP7A	p.M386R		0.0	Uncertain_significance	missense	criteria_provided,_multiple_submitters
ATP7A	p.H866R		0.0	Likely_benign	missense	criteria_provided,_multiple_submitters
ATP7A	p.A598V		0.0	Uncertain_significance	missense	criteria_provided,_multiple_submitters
ATP7A	p.M232T		0.0	Uncertain_significance	missense	criteria_provided,_multiple_submitters
ATP7A	p.D86G		0.0	Uncertain_significance	missense	criteria_provided,_multiple_submitters
ATP7A	p.R201Q		0.0	Uncertain_significance	missense	criteria_provided,_multiple_submitters
ATP7A	p.S949Y		0.0	Uncertain_significance	missense	criteria_provided,_multiple_submitters
ATP7A	p.S577F		0.0	Uncertain_significance	missense	criteria_provided,_multiple_submitters
ATP7A	p.L593V		0.0	Uncertain_significance	missense	criteria_provided,_multiple_submitters
ATP7A	p.S459L		0.0	Uncertain_significance	missense	criteria_provided,_multiple_submitters
ATP7A	p.R269S		0.0	Uncertain_significance	missense	criteria_provided,_multiple_submitters
ATP7A	p.I139L		0.0	Likely_benign	missense	criteria_provided,_multiple_submitters
ATP7A	p.A817V		0.0	Uncertain_significance	missense	criteria_provided,_multiple_submitters
ATP7A	p.I381V		0.0	Likely_benign	missense	criteria_provided,_multiple_submitters
ATP7A	p.L586V		0.0	Likely_benign	missense	criteria_provided,_multiple_submitters
ATP7A	p.R409Q		0.0	Likely_benign	missense	criteria_provided,_multiple_submitters
ATP7A	p.A629T		0.0	Uncertain_significance	missense	criteria_provided,_multiple_submitters
ATP7A	p.K243N		0.0	Uncertain_significance	missense	criteria_provided,_multiple_submitters
ATP7A	p.A500T		0.0	Uncertain_significance	missense	criteria_provided,_multiple_submitters
ATP7A	p.L206R		0.0	Uncertain_significance	missense	criteria_provided,_multiple_submitters
ATP7A	p.T495A		0.0	Uncertain_significance	missense	criteria_provided,_multiple_submitters
ATP7A	p.K46E		0.0	Uncertain_significance	missense	criteria_provided,_multiple_submitters
ATP7A	p.M699K		0.0	Likely_benign	missense	criteria_provided,_multiple_submitters
ATP7A	p.F717V		0.0	Likely_benign	missense	criteria_provided,_multiple_submitters
ATP7A	p.T925A		0.0	Uncertain_significance	missense	criteria_provided,_multiple_submitters
ATP7A	p.A904V		0.0	Uncertain_significance	missense	criteria_provided,_multiple_submitters
ATP7A	p.E145D		0.0	Uncertain_significance	missense	criteria_provided,_multiple_submitters
ATP7A	p.E583Q		0.0	Uncertain_significance	missense	criteria_provided,_multiple_submitters
ATP7A	p.L815P		0.0	Uncertain_significance	missense	criteria_provided,_multiple_submitters
ATP7A	p.I383T		0.0	Uncertain_significance	missense	criteria_provided,_multiple_submitters
ATP7A	p.K603R		0.0	Uncertain_significance	missense	criteria_provided,_multiple_submitters
ATP7A	p.I930M		0.0	Uncertain_significance	missense	criteria_provided,_multiple_submitters
ATP7A	p.S306G		0.0	Uncertain_significance	missense	criteria_provided,_multiple_submitters
ATP7A	p.L658V		0.0	Uncertain_significance	missense	criteria_provided,_multiple_submitters
ATP7A	p.N414K		0.0	Uncertain_significance	missense	criteria_provided,_multiple_submitters
ATP7A	p.L841F		0.0	Uncertain_significance	missense	criteria_provided,_multiple_submitters
ATP7A	p.S1003P		0.0	Uncertain_significance	missense	criteria_provided,_multiple_submitters
ATP7A	p.P1031S		0.0	Uncertain_significance	missense	criteria_provided,_multiple_submitters
ATP7A	p.I118T		0.0	Uncertain_significance	missense	criteria_provided,_multiple_submitters
ATP7A	p.Q167E		0.0	Uncertain_significance	missense	criteria_provided,_multiple_submitters
ATP7A	p.T181A		0.0	Uncertain_significance	missense	criteria_provided,_multiple_submitters
ATP7A	p.C185R		0.0	Uncertain_significance	missense	criteria_provided,_multiple_submitters
ATP7A	p.I250L		0.0	Uncertain_significance	missense	criteria_provided,_multiple_submitters
ATP7A	p.S300C		0.0	Uncertain_significance	missense	criteria_provided,_multiple_submitters
ATP7A	p.T467S		0.0	Uncertain_significance	missense	criteria_provided,_multiple_submitters
ATP7A	p.T498A		0.0	Uncertain_significance	missense	criteria_provided,_multiple_submitters
ATP7A	p.P540A		0.0	Likely_benign	missense	criteria_provided,_multiple_submitters
ATP7A	p.I556T		0.0	Uncertain_significance	missense	criteria_provided,_multiple_submitters
ATP7A	p.L56R		0.0	Uncertain_significance	missense	criteria_provided,_multiple_submitters
ATP7A	p.G564S		0.0	Uncertain_significance	missense	criteria_provided,_multiple_submitters
ATP7A	p.R590K		0.0	Uncertain_significance	missense	criteria_provided,_multiple_submitters
ATP7A	p.I619M		0.0	Likely_benign	missense	criteria_provided,_multiple_submitters
ATP7A	p.G626D		0.0	Uncertain_significance	missense	criteria_provided,_multiple_submitters
ATP7A	p.S639N		0.0	Uncertain_significance	missense	criteria_provided,_multiple_submitters
ATP7A	p.V723L		0.0	Uncertain_significance	missense	criteria_provided,_multiple_submitters
ATP7A	p.I822V		0.0	Likely_benign	missense	criteria_provided,_multiple_submitters
ATP7A	p.G845E		0.0	Uncertain_significance	missense	criteria_provided,_multiple_submitters
ATP7A	p.A94V		0.0	Likely_benign	missense	criteria_provided,_multiple_submitters
ATP7A	p.H683R		0.0	Uncertain_significance	missense	criteria_provided,_multiple_submitters
ATP7A	p.C185S		0.0	Uncertain_significance	missense	criteria_provided,_multiple_submitters
ATP7A	p.P242R		0.0	Uncertain_significance	missense	criteria_provided,_multiple_submitters
ATP7A	p.T379S		0.0	Uncertain_significance	missense	criteria_provided,_multiple_submitters
ATP7A	p.G973V		0.0	Uncertain_significance	missense	criteria_provided,_multiple_submitters
ATP7A	p.I1024K		0.0	Uncertain_significance	missense	criteria_provided,_multiple_submitters
ATP7A	p.G433R		0.0	Uncertain_significance	missense	criteria_provided,_multiple_submitters
ATP7A	p.I1024M		0.0	Likely_benign	missense	criteria_provided,_multiple_submitters
ATP7A	p.S979C		0.0	Uncertain_significance	missense	criteria_provided,_multiple_submitters
ATP7A	p.I335V		0.0	Likely_benign	missense	criteria_provided,_multiple_submitters
ATP7A	p.V319L		0.0	Uncertain_significance	missense	criteria_provided,_multiple_submitters
ATP7A	p.L247S		0.0	Uncertain_significance	missense	criteria_provided,_multiple_submitters
ATP7A	p.D79G		0.0	Uncertain_significance	missense	criteria_provided,_multiple_submitters
ATP7A	p.V125L		0.0	Uncertain_significance	missense	criteria_provided,_multiple_submitters
ATP7A	p.N468H		0.0	Uncertain_significance	missense	criteria_provided,_multiple_submitters
ATP7A	p.K111T		0.0	Likely_benign	missense	criteria_provided,_multiple_submitters
ATP7A	p.V656L		0.0	Uncertain_significance	missense	criteria_provided,_multiple_submitters
ATP7A	p.R980G		0.0	Uncertain_significance	missense	criteria_provided,_multiple_submitters
ATP7A	p.V419A		0.0	Likely_benign	missense	criteria_provided,_multiple_submitters
ATP7A	p.S357F		0.0	Uncertain_significance	missense	criteria_provided,_multiple_submitters
ATP7A	p.D162Y		0.0	Uncertain_significance	missense	criteria_provided,_multiple_submitters
ATP7A	p.V889A		0.0	Uncertain_significance	missense	criteria_provided,_multiple_submitters
ATP7A	p.G112S		0.0	Uncertain_significance	missense	criteria_provided,_multiple_submitters
ATP7A	p.N389S		0.0	Uncertain_significance	missense	criteria_provided,_multiple_submitters
ATP7A	p.S300P		0.0	Uncertain_significance	missense	criteria_provided,_multiple_submitters
ATP7A	p.I118V		0.0	Uncertain_significance	missense	criteria_provided,_multiple_submitters
ATP7A	p.P403S		0.0	Uncertain_significance	missense	criteria_provided,_multiple_submitters
ATP7A	p.I662F		0.0	Uncertain_significance	missense	criteria_provided,_multiple_submitters
ATP7A	p.E690Q		0.0	Uncertain_significance	missense	criteria_provided,_multiple_submitters
ATP7A	p.M671I		0.0	Uncertain_significance	missense	criteria_provided,_multiple_submitters
ATP7A	p.D101G		0.0	Uncertain_significance	missense	criteria_provided,_multiple_submitters
ATP7A	p.M225K		0.0	Uncertain_significance	missense	criteria_provided,_multiple_submitters
ATP7A	p.E436Q		0.0	Uncertain_significance	missense	criteria_provided,_multiple_submitters
ATP7A	p.T875R		0.0	Uncertain_significance	missense	criteria_provided,_multiple_submitters
ATP7A	p.T278R		0.0	Uncertain_significance	missense	criteria_provided,_multiple_submitters
ATP7A	p.E623Q		0.0	Uncertain_significance	missense	criteria_provided,_multiple_submitters
ATP7A	p.F678C		0.0	Uncertain_significance	missense	criteria_provided,_multiple_submitters
ATP7A	p.E702D		0.0	Uncertain_significance	missense	criteria_provided,_multiple_submitters
ATP7A	p.Y594H		0.0	Uncertain_significance	missense	criteria_provided,_multiple_submitters
ATP7A	p.P663L		0.0	Uncertain_significance	missense	criteria_provided,_multiple_submitters
ATP7A	p.E514K		0.0	Uncertain_significance	missense	criteria_provided,_multiple_submitters
ATP7A	p.S653C		0.0	Uncertain_significance	missense	criteria_provided,_multiple_submitters
ATP7A	p.T354S		0.0	Uncertain_significance	missense	criteria_provided,_multiple_submitters
ATP7A	p.M879L		0.0	Uncertain_significance	missense	criteria_provided,_multiple_submitters
ATP7A	p.Y940C		0.0	Uncertain_significance	missense	criteria_provided,_multiple_submitters
ATP7A	p.M225I		0.0	Uncertain_significance	missense	criteria_provided,_multiple_submitters
ATP7A	p.I863T		0.0	Uncertain_significance	missense	criteria_provided,_multiple_submitters
ATP7A	p.A808S		0.0	Uncertain_significance	missense	criteria_provided,_multiple_submitters
ATP7A	p.P450L		0.0	Likely_benign	missense	criteria_provided,_multiple_submitters
ATP7A	p.A413V		0.0	Uncertain_significance	missense	criteria_provided,_multiple_submitters
ATP7A	p.Q704H		0.0	Uncertain_significance	missense	criteria_provided,_multiple_submitters
ATP7A	p.T912A		0.0	Likely_benign	missense	criteria_provided,_multiple_submitters
ATP7A	p.Q393E		0.0	Uncertain_significance	missense	criteria_provided,_multiple_submitters
ATP7A	p.G404V		0.0	Uncertain_significance	missense	criteria_provided,_multiple_submitters
ATP7A	p.I957N		0.0	Uncertain_significance	missense	criteria_provided,_multiple_submitters
ATP7A	p.I582V		0.0	Uncertain_significance	missense	criteria_provided,_multiple_submitters
ATP7A	p.K226I		0.0	Uncertain_significance	missense	criteria_provided,_multiple_submitters
ATP7A	p.I647V		0.0	Uncertain_significance	missense	criteria_provided,_multiple_submitters
ATP7A	p.I537V		0.0	Uncertain_significance	missense	criteria_provided,_multiple_submitters
ATP7A	p.L631S		0.0	Uncertain_significance	missense	criteria_provided,_multiple_submitters
ATP7A	p.S346I		0.0	Uncertain_significance	missense	criteria_provided,_multiple_submitters
ATP7A	p.M1013I		0.0	Uncertain_significance	missense	criteria_provided,_multiple_submitters
ATP7A	p.T280I		0.0	Uncertain_significance	missense	criteria_provided,_multiple_submitters
ATP7A	p.V214A		0.0	Likely_benign	missense	criteria_provided,_multiple_submitters
ATP7A	p.L451S		0.0	Uncertain_significance	missense	criteria_provided,_multiple_submitters
ATP7A	p.G70A		0.0	Uncertain_significance	missense	criteria_provided,_multiple_submitters
ATP7A	p.R986Q		0.0	Uncertain_significance	missense	criteria_provided,_multiple_submitters
ATP7A	p.M665L		0.0	Benign	missense	criteria_provided,_multiple_submitters
ATP7A	p.C499Y		0.0	Uncertain_significance	missense	criteria_provided,_multiple_submitters
ATP7A	p.A629V		0.0	Uncertain_significance	missense	criteria_provided,_multiple_submitters
ATP7A	p.P131R		0.0	Uncertain_significance	missense	criteria_provided,_multiple_submitters
ATP7A	p.V711L		0.0	Likely_benign	missense	criteria_provided,_multiple_submitters
ATP7A	p.G876E		0.0	Uncertain_significance	missense	criteria_provided,_multiple_submitters
ATP7A	p.Q924R		0.0	Uncertain_significance	missense	criteria_provided,_multiple_submitters
ATP7A	p.C1000R		0.0	Uncertain_significance	missense	criteria_provided,_multiple_submitters
ATP7A	p.C1002F		0.0	Uncertain_significance	missense	criteria_provided,_multiple_submitters
ATP7A	p.A1007V		0.0	Uncertain_significance	missense	criteria_provided,_multiple_submitters
ATP7A	p.G1015S		0.0	Uncertain_significance	missense	criteria_provided,_multiple_submitters
ATP7A	p.G1015D		0.0	Uncertain_significance	missense	criteria_provided,_multiple_submitters
ATP7A	p.E628V		0.0	Uncertain_significance	missense	criteria_provided,_multiple_submitters
ATP7A	p.K633R		0.0	Uncertain_significance	missense	criteria_provided,_multiple_submitters
ATP7A	p.D635H		0.0	Uncertain_significance	missense	criteria_provided,_multiple_submitters
ATP7A	p.S653Y		0.0	Uncertain_significance	missense	criteria_provided,_multiple_submitters
ATP7A	p.S653F		0.0	Uncertain_significance	missense	criteria_provided,_multiple_submitters
ATP7A	p.S657R		0.0	Uncertain_significance	missense	criteria_provided,_multiple_submitters
ATP7A	p.M687V		0.0	Uncertain_significance	missense	criteria_provided,_multiple_submitters
ATP7A	p.C720R		0.0	Uncertain_significance	missense	criteria_provided,_multiple_submitters
ATP7A	p.Q724P		0.0	Uncertain_significance	missense	criteria_provided,_multiple_submitters
ATP7A	p.S814P		0.0	Uncertain_significance	missense	criteria_provided,_multiple_submitters
ATP7A	p.G853R		0.0	Uncertain_significance	missense	criteria_provided,_multiple_submitters
ATP7A	p.G860V		0.0	Uncertain_significance	missense	criteria_provided,_multiple_submitters
ATP7A	p.D870G		0.0	Uncertain_significance	missense	criteria_provided,_multiple_submitters
ATP7A	p.G876R		0.0	Uncertain_significance	missense	criteria_provided,_multiple_submitters
ATP7A	p.R269K		0.0	Uncertain_significance	missense	criteria_provided,_multiple_submitters
ATP7A	p.D251N		0.0	Uncertain_significance	missense	criteria_provided,_multiple_submitters
ATP7A	p.E352D		0.0	Uncertain_significance	missense	criteria_provided,_multiple_submitters
ATP7A	p.T574R		0.0	Likely_benign	missense	criteria_provided,_multiple_submitters
ATP7A	p.E436K		0.0	Uncertain_significance	missense	criteria_provided,_multiple_submitters
ATP7A	p.P857L		0.0	Uncertain_significance	missense	criteria_provided,_multiple_submitters
ATP7A	p.I930V		0.0	Uncertain_significance	missense	criteria_provided,_multiple_submitters
ATP7A	p.M1034I		0.0	Uncertain_significance	missense	criteria_provided,_multiple_submitters
ATP7A	p.G385D		0.0	Uncertain_significance	missense	criteria_provided,_multiple_submitters
ATP7A	p.M687L		0.0	Uncertain_significance	missense	criteria_provided,_multiple_submitters
ATP7A	p.N602K		0.0	Uncertain_significance	missense	criteria_provided,_multiple_submitters
ATP7A	p.H677R		0.0	Uncertain_significance	missense	criteria_provided,_multiple_submitters
ATP7A	p.S407F		0.0	Uncertain_significance	missense	criteria_provided,_multiple_submitters
ATP7A	p.E922G		0.0	Uncertain_significance	missense	criteria_provided,_multiple_submitters
ATP7A	p.I537M		0.0	Uncertain_significance	missense	criteria_provided,_multiple_submitters
ATP7A	p.A934G		0.0	Uncertain_significance	missense	criteria_provided,_multiple_submitters
ATP7A	p.R508Q		0.0	Uncertain_significance	missense	criteria_provided,_multiple_submitters
ATP7A	p.L831H		0.0	Likely_benign	missense	criteria_provided,_multiple_submitters
ATP7A	p.F944S		0.0	Uncertain_significance	missense	criteria_provided,_multiple_submitters
ATP7A	p.A810E		0.0	Uncertain_significance	missense	criteria_provided,_multiple_submitters
ATP7A	p.N322D		0.0	Uncertain_significance	missense	criteria_provided,_multiple_submitters
ATP7A	p.S698C		0.0	Uncertain_significance	missense	criteria_provided,_multiple_submitters
ATP7A	p.K55N		0.0	Uncertain_significance	missense	criteria_provided,_multiple_submitters
ATP7A	p.Q200E		0.0	Uncertain_significance	missense	criteria_provided,_multiple_submitters
ATP7A	p.E921K		0.0	Uncertain_significance	missense	criteria_provided,_multiple_submitters
ATP7A	p.Q724E		0.0	Uncertain_significance	missense	criteria_provided,_multiple_submitters
ATP7A	p.T824S		0.0	Uncertain_significance	missense	criteria_provided,_multiple_submitters
ATP7A	p.E561D		0.0	Uncertain_significance	missense	criteria_provided,_multiple_submitters
ATP7A	p.M672T		0.0	Uncertain_significance	missense	criteria_provided,_multiple_submitters
ATP7A	p.I916T		0.0	Uncertain_significance	missense	criteria_provided,_multiple_submitters
ATP7A	p.T587I		0.0	Uncertain_significance	missense	criteria_provided,_multiple_submitters
ATP7A	p.G803S		0.0	Uncertain_significance	missense	criteria_provided,_multiple_submitters
ATP7A	p.V252I		0.0	Uncertain_significance	missense	criteria_provided,_multiple_submitters
ATP7A	p.P131S		0.0	Uncertain_significance	missense	criteria_provided,_multiple_submitters
ATP7A	p.L84S		0.0	Uncertain_significance	missense	criteria_provided,_multiple_submitters
ATP7A	p.I813T		0.0	Uncertain_significance	missense	criteria_provided,_multiple_submitters
ATP7A	p.V351D		0.0	Uncertain_significance	missense	criteria_provided,_multiple_submitters
ATP7A	p.I335T		0.0	Uncertain_significance	missense	criteria_provided,_multiple_submitters
ATP7A	p.V536L		0.0	Uncertain_significance	missense	criteria_provided,_multiple_submitters
ATP7A	p.F660S		0.0	Uncertain_significance	missense	criteria_provided,_multiple_submitters
ATP7A	p.M573L		0.0	Uncertain_significance	missense	criteria_provided,_multiple_submitters
ATP7A	p.P450S		0.0	Uncertain_significance	missense	criteria_provided,_multiple_submitters
ATP7A	p.C661Y		0.0	Uncertain_significance	missense	criteria_provided,_multiple_submitters
ATP7A	p.P885H		0.0	Uncertain_significance	missense	criteria_provided,_multiple_submitters
ATP7A	p.A48G		0.0	Uncertain_significance	missense	criteria_provided,_multiple_submitters
ATP7A	p.E230D		0.0	Uncertain_significance	missense	criteria_provided,_multiple_submitters
ATP7A	p.G562R		0.0	Uncertain_significance	missense	criteria_provided,_multiple_submitters
ATP7A	p.V632I		0.0	Uncertain_significance	missense	criteria_provided,_multiple_submitters
ATP7A	p.E557A		0.0	Uncertain_significance	missense	criteria_provided,_multiple_submitters
ATP7A	p.F234L		0.0	Uncertain_significance	missense	criteria_provided,_multiple_submitters
ATP7A	p.S164C		0.0	Uncertain_significance	missense	criteria_provided,_multiple_submitters
ATP7A	p.S290P		0.0	Uncertain_significance	missense	criteria_provided,_multiple_submitters
ATP7A	p.T601S		0.0	Uncertain_significance	missense	criteria_provided,_multiple_submitters
ATP7A	p.E819G		0.0	Uncertain_significance	missense	criteria_provided,_multiple_submitters
ATP7A	p.Q267R		0.0	Uncertain_significance	missense	criteria_provided,_multiple_submitters
ATP7A	p.T888P		0.0	Uncertain_significance	missense	criteria_provided,_multiple_submitters
ATP7A	p.E561K		0.0	Uncertain_significance	missense	criteria_provided,_multiple_submitters
ATP7A	p.A279D		0.0	Uncertain_significance	missense	criteria_provided,_multiple_submitters
ATP7A	p.L549V		0.0	Uncertain_significance	missense	criteria_provided,_multiple_submitters
ATP7A	p.G397A		0.0	Uncertain_significance	missense	criteria_provided,_multiple_submitters
ATP7A	p.V948F		0.0	Uncertain_significance	missense	criteria_provided,_multiple_submitters
ATP7A	p.T61I		0.0	Uncertain_significance	missense	criteria_provided,_multiple_submitters
ATP7A	p.K239N		0.0	Uncertain_significance	missense	criteria_provided,_multiple_submitters
ATP7A	p.G552R		0.0	Uncertain_significance	missense	criteria_provided,_multiple_submitters
ATP7A	p.K55I		0.0	Uncertain_significance	missense	criteria_provided,_multiple_submitters
ATP7A	p.D642N		0.0	Uncertain_significance	missense	criteria_provided,_multiple_submitters
ATP7A	p.L831F		0.0	Uncertain_significance	missense	criteria_provided,_multiple_submitters
ATP7A	p.D635E		0.0	Uncertain_significance	missense	criteria_provided,_multiple_submitters
ATP7A	p.A882V		0.0	Uncertain_significance	missense	criteria_provided,_multiple_submitters
ATP7A	p.I381K		0.0	Uncertain_significance	missense	criteria_provided,_multiple_submitters
ATP7A	p.G179E		0.0	Uncertain_significance	missense	criteria_provided,_multiple_submitters
ATP7A	p.T188I		0.0	Uncertain_significance	missense	criteria_provided,_multiple_submitters
ATP7A	p.I51M		0.0	Uncertain_significance	missense	criteria_provided,_multiple_submitters
ATP7A	p.V555M		0.0	Uncertain_significance	missense	criteria_provided,_multiple_submitters
ATP7A	p.G708A		0.0	Uncertain_significance	missense	criteria_provided,_multiple_submitters
ATP7A	p.I618F		0.0	Uncertain_significance	missense	criteria_provided,_multiple_submitters
ATP7A	p.I622F		0.0	Uncertain_significance	missense	criteria_provided,_multiple_submitters
ATP7A	p.L62I		0.0	Uncertain_significance	missense	criteria_provided,_multiple_submitters
ATP7A	p.A126T		0.0	Uncertain_significance	missense	criteria_provided,_multiple_submitters
ATP7A	p.Q63P		0.0	Uncertain_significance	missense	criteria_provided,_multiple_submitters
ATP7A	p.A535V		0.0	Uncertain_significance	missense	criteria_provided,_multiple_submitters
ATP7A	p.T93M		0.0	Benign	missense	criteria_provided,_multiple_submitters
ATP7A	p.L631F		0.0	Likely_benign	missense	criteria_provided,_multiple_submitters
ATP7A	p.V521A		0.0	Uncertain_significance	missense	criteria_provided,_multiple_submitters
ATP7A	p.I103S		0.0	Uncertain_significance	missense	criteria_provided,_multiple_submitters
ATP7A	p.S585T		0.0	Uncertain_significance	missense	criteria_provided,_multiple_submitters
ATP7A	p.N829S		0.0	Uncertain_significance	missense	criteria_provided,_multiple_submitters
ATP7A	p.T110I		0.0	Uncertain_significance	missense	criteria_provided,_multiple_submitters
ATP7A	p.D642Y		0.0	Uncertain_significance	missense	criteria_provided,_multiple_submitters
ATP7A	p.G70R		0.0	Uncertain_significance	missense	criteria_provided,_multiple_submitters
ATP7A	p.E529K		0.0	Uncertain_significance	missense	criteria_provided,_multiple_submitters
ATP7A	p.Q200R		0.0	Uncertain_significance	missense	criteria_provided,_multiple_submitters
ATP7A	p.S132Y		0.0	Uncertain_significance	missense	criteria_provided,_multiple_submitters
ATP7A	p.T186I		0.0	Uncertain_significance	missense	criteria_provided,_multiple_submitters
ATP7A	p.T278I		0.0	Uncertain_significance	missense	criteria_provided,_multiple_submitters
ATP7A	p.D284N		0.0	Uncertain_significance	missense	criteria_provided,_multiple_submitters
ATP7A	p.G285D		0.0	Uncertain_significance	missense	criteria_provided,_multiple_submitters
ATP7A	p.L302P		0.0	Uncertain_significance	missense	criteria_provided,_multiple_submitters
ATP7A	p.S362Y		0.0	Uncertain_significance	missense	criteria_provided,_multiple_submitters
ATP7A	p.K401R		0.0	Uncertain_significance	missense	criteria_provided,_multiple_submitters
ATP7A	p.T418I		0.0	Uncertain_significance	missense	criteria_provided,_multiple_submitters
ATP7A	p.T467N		0.0	Uncertain_significance	missense	criteria_provided,_multiple_submitters
ATP7A	p.E583G		0.0	Uncertain_significance	missense	criteria_provided,_multiple_submitters
ATP7A	p.V823L		0.0	Uncertain_significance	missense	criteria_provided,_multiple_submitters
ATP7A	p.D846N		0.0	Uncertain_significance	missense	criteria_provided,_multiple_submitters
ATP7A	p.A878T		0.0	Uncertain_significance	missense	criteria_provided,_multiple_submitters
ATP7A	p.M879I		0.0	Uncertain_significance	missense	criteria_provided,_multiple_submitters
ATP7A	p.I957S		0.0	Uncertain_significance	missense	criteria_provided,_multiple_submitters
ATP7A	p.L1032V		0.0	Uncertain_significance	missense	criteria_provided,_multiple_submitters
ATP7A	p.A236V		0.0	Uncertain_significance	missense	criteria_provided,_multiple_submitters
ATP7A	p.W650C		0.0	Uncertain_significance	missense	criteria_provided,_multiple_submitters
ATP7A	p.I592M		0.0	Uncertain_significance	missense	criteria_provided,_multiple_submitters
ATP7A	p.V260I		0.0	Uncertain_significance	missense	criteria_provided,_multiple_submitters
ATP7A	p.P663S		0.0	Uncertain_significance	missense	criteria_provided,_multiple_submitters
ATP7A	p.P943S		0.0	Uncertain_significance	missense	criteria_provided,_multiple_submitters
ATP7A	p.I51T		0.0	Uncertain_significance	missense	criteria_provided,_multiple_submitters
ATP7A	p.L825V		0.0	Uncertain_significance	missense	criteria_provided,_multiple_submitters
ATP7A	p.M175T		0.0	Uncertain_significance	missense	criteria_provided,_multiple_submitters
ATP7A	p.V521G		0.0	Uncertain_significance	missense	criteria_provided,_multiple_submitters
ATP7A	p.I454R		0.0	Uncertain_significance	missense	criteria_provided,_multiple_submitters
ATP7A	p.D422E		0.0	Uncertain_significance	missense	criteria_provided,_multiple_submitters
ATP7A	p.L681P		0.0	Uncertain_significance	missense	criteria_provided,_multiple_submitters
ATP7A	p.N975T		0.0	Uncertain_significance	missense	criteria_provided,_multiple_submitters
ATP7A	p.I381R		0.0	Uncertain_significance	missense	criteria_provided,_multiple_submitters
ATP7A	p.T93R		0.0	Likely_benign	missense	criteria_provided,_multiple_submitters
ATP7A	p.R980Q		0.0	Uncertain_significance	missense	criteria_provided,_multiple_submitters
ATP7A	p.R636W		0.0	Uncertain_significance	missense	criteria_provided,_multiple_submitters
ATP7A	p.T601N		0.0	Likely_benign	missense	criteria_provided,_multiple_submitters
ATP7A	p.A334T		0.0	Likely_benign	missense	criteria_provided,_multiple_submitters
ATP7A	p.R512W		0.0	Uncertain_significance	missense	criteria_provided,_multiple_submitters
ATP7A	p.P259T		0.0	Uncertain_significance	missense	criteria_provided,_multiple_submitters
ATP7A	p.T574M		0.0	Likely_benign	missense	criteria_provided,_multiple_submitters
ATP7A	p.G1029V		0.0	Uncertain_significance	missense	criteria_provided,_multiple_submitters
ATP7A	p.S307T		0.0	Uncertain_significance	missense	criteria_provided,_multiple_submitters
ATP7A	p.I985M		0.0	Uncertain_significance	missense	criteria_provided,_multiple_submitters
ATP7A	p.R344G		0.0	Benign	missense	criteria_provided,_multiple_submitters
ATP7A	p.N533D		0.0	Uncertain_significance	missense	criteria_provided,_multiple_submitters
ATP7A	p.E544Q		0.0	Likely_benign	missense	criteria_provided,_multiple_submitters
ATP7A	p.N314S		0.0	Uncertain_significance	missense	criteria_provided,_multiple_submitters
ATP7A	p.S361L		0.0	Likely_benign	missense	criteria_provided,_multiple_submitters
ATP7A	p.P462A		0.0	Likely_benign	missense	criteria_provided,_multiple_submitters
ATP7A	p.N829Y		0.0	Uncertain_significance	missense	criteria_provided,_multiple_submitters
ATP7A	p.M541V		0.0	Uncertain_significance	missense	criteria_provided,_multiple_submitters
ATP7A	p.M225V		0.0	Likely_benign	missense	criteria_provided,_multiple_submitters
ATP7A	p.I229T		0.0	Uncertain_significance	missense	criteria_provided,_multiple_submitters
ATP7A	p.A48T		0.0	Benign	missense	criteria_provided,_multiple_submitters
ATP7A	p.I347T		0.0	Likely_benign	missense	criteria_provided,_multiple_submitters
ATP7A	p.M386V		0.0	Likely_benign	missense	criteria_provided,_multiple_submitters
ATP7A	p.H605R		0.0	Uncertain_significance	missense	criteria_provided,_multiple_submitters
ATP7A	p.E691K		0.0	Likely_benign	missense	criteria_provided,_multiple_submitters
ATP7A	p.A820P		0.0	Uncertain_significance	missense	criteria_provided,_multiple_submitters
ATP7A	p.T1010V		0.0	Uncertain_significance	missense	criteria_provided,_multiple_submitters
ATP7A	p.M1013E		0.0	Uncertain_significance	missense	criteria_provided,_multiple_submitters
ATP7A	p.V597M		0.0	Likely_benign	missense	criteria_provided,_multiple_submitters
ATP7A	p.A909T		0.0	Likely_benign	missense	criteria_provided,_multiple_submitters
ATP7A	p.P462L		0.0	Likely_benign	missense	criteria_provided,_multiple_submitters
ATP7A	p.T983M		0.0	Likely_benign	missense	criteria_provided,_multiple_submitters
ATP7A	p.N975S		0.0	Likely_benign	missense	criteria_provided,_multiple_submitters
ATP7A	p.S459P		0.0	Benign	missense	criteria_provided,_multiple_submitters
ATP7A	p.G939S		0.0	Uncertain_significance	missense	criteria_provided,_multiple_submitters
ATP7A	p.T387P		0.0	Uncertain_significance	missense	criteria_provided,_multiple_submitters
ATP7A	p.C720G		0.0	Uncertain_significance	missense	criteria_provided,_multiple_submitters
ATP7A	p.I612S		0.0	Likely_benign	missense	criteria_provided,_multiple_submitters
ATP7A	p.I619T		0.0	Likely_benign	missense	criteria_provided,_multiple_submitters
ATP7A	p.I622V		0.0	Uncertain_significance	missense	criteria_provided,_multiple_submitters
ATP7A	p.M69I		0.0	Likely_benign	missense	criteria_provided,_multiple_submitters
ATP7A	p.D838G		0.0	Uncertain_significance	missense	criteria_provided,_multiple_submitters
ATP7A	p.I1024V		0.0	Uncertain_significance	missense	criteria_provided,_multiple_submitters
ATP7A	p.G496A		0.0	Uncertain_significance	missense	criteria_provided,_multiple_submitters
ATP7A	p.A904T		0.0	Likely_benign	missense	criteria_provided,_multiple_submitters
ATP7A	p.H589Q		0.0	Uncertain_significance	missense	criteria_provided,_multiple_submitters
ATP7A	p.D68N		0.0	Likely_benign	missense	criteria_provided,_multiple_submitters
ATP7A	p.I993V		0.0	Uncertain_significance	missense	criteria_provided,_multiple_submitters
ATP7A	p.R861H		0.0	Likely_benign	missense	criteria_provided,_multiple_submitters
ATP7A	p.R652W		0.0	Likely_benign	missense	criteria_provided,_multiple_submitters
ATP7A	p.T476I		0.0	Likely_benign	missense	criteria_provided,_multiple_submitters
ATP7A	p.Q896R		0.0	Uncertain_significance	missense	criteria_provided,_multiple_submitters
ATP7A	p.S585G		0.0	Uncertain_significance	missense	criteria_provided,_multiple_submitters
ATP7A	p.D617G		0.0	Uncertain_significance	missense	criteria_provided,_multiple_submitters
ATP7A	p.A525G		0.0	Likely_benign	missense	criteria_provided,_multiple_submitters
ATP7A	p.Q493R		0.0	Uncertain_significance	missense	criteria_provided,_multiple_submitters
ATP7A	p.T443A		0.0	Likely_benign	missense	criteria_provided,_multiple_submitters
ATP7A	p.V530I		0.0	Uncertain_significance	missense	criteria_provided,_multiple_submitters
ATP7A	p.I519L		0.0	Uncertain_significance	missense	criteria_provided,_multiple_submitters
ATP7A	p.S698F		0.0	Uncertain_significance	missense	criteria_provided,_multiple_submitters
ATP7A	p.S266T		0.0	Uncertain_significance	missense	criteria_provided,_multiple_submitters
ATP7A	p.T925I		0.0	Likely_benign	missense	criteria_provided,_multiple_submitters
ATP7A	p.E646A		0.0	Uncertain_significance	missense	criteria_provided,_multiple_submitters
ATP7A	p.M438T		0.0	Benign	missense	criteria_provided,_multiple_submitters
ATP7A	p.R703H		0.0	Likely_benign	missense	criteria_provided,_multiple_submitters
ATP7A	p.I408M		0.0	Benign	missense	criteria_provided,_multiple_submitters
ATP7A	p.G572R		0.0	Uncertain_significance	missense	criteria_provided,_multiple_submitters
ATP7A	p.H163R		0.0	Uncertain_significance	missense	criteria_provided,_multiple_submitters
ATP7A	p.K927R		0.0	Uncertain_significance	missense	criteria_provided,_multiple_submitters
ATP7A	p.E460G		0.0	Likely_benign	missense	criteria_provided,_multiple_submitters
ATP7A	p.Y273H		0.0	Likely_benign	missense	criteria_provided,_multiple_submitters
ATP7A	p.T418S		0.0	Likely_benign	missense	criteria_provided,_multiple_submitters
ATP7A	p.K485N		0.0	Likely_benign	missense	criteria_provided,_multiple_submitters
ATP7A	p.R703C		0.0	Likely_benign	missense	criteria_provided,_multiple_submitters
ATP7A	p.F678L		0.0	Likely_benign	missense	criteria_provided,_multiple_submitters
ATP7A	p.N684K		0.0	Likely_benign	missense	criteria_provided,_multiple_submitters
ATP7A	p.I693M		0.0	Likely_benign	missense	criteria_provided,_multiple_submitters
ATP7A	p.E178K		0.0	Likely_benign	missense	criteria_provided,_multiple_submitters
ATP7A	p.I894V		0.0	Likely_benign	missense	criteria_provided,_multiple_submitters
ATP7A	p.D563V		0.0	Likely_benign	missense	criteria_provided,_multiple_submitters
ATP7A	p.G591E		0.0	Likely_benign	missense	criteria_provided,_multiple_submitters
ATP7A	p.P477S		0.0	Likely_benign	missense	criteria_provided,_multiple_submitters
ATP7A	p.I606V		0.0	Likely_benign	missense	criteria_provided,_multiple_submitters
ATP7A	p.I612V		0.0	Likely_benign	missense	criteria_provided,_multiple_submitters
ATP7A	p.Q704R		0.0	Likely_benign	missense	criteria_provided,_multiple_submitters
ATP7A	p.I202S		0.0	Likely_benign	missense	criteria_provided,_multiple_submitters
ATP7A	p.A604V		0.0	Likely_benign	missense	criteria_provided,_multiple_submitters
ATP7A	p.T87I		0.0	Likely_benign	missense	criteria_provided,_multiple_submitters
ATP7A	p.S324T		0.0	Likely_benign	missense	criteria_provided,_multiple_submitters
ATP7A	p.V721L		0.0	Likely_benign	missense	criteria_provided,_multiple_submitters
ATP7A	p.I250V		0.0	Likely_benign	missense	criteria_provided,_multiple_submitters
ATP7A	p.D609H		0.0	Likely_benign	missense	criteria_provided,_multiple_submitters
ATP7A	p.K246T		0.0	Likely_benign	missense	criteria_provided,_multiple_submitters
ATP7A	p.E420G		0.0	Likely_benign	missense	criteria_provided,_multiple_submitters
ATP7A	p.D437N		0.0	Likely_benign	missense	criteria_provided,_multiple_submitters
ATP7A	p.Q685E		0.0	Likely_benign	missense	criteria_provided,_multiple_submitters
ATP7A	p.T430M		0.0	Likely_benign	missense	criteria_provided,_multiple_submitters
ATP7A	p.I408V		0.0	Likely_benign	missense	criteria_provided,_multiple_submitters
ATP7A	p.T467A		0.0	Likely_benign	missense	criteria_provided,_multiple_submitters
ATP7A	p.S297R		0.0	Likely_benign	missense	criteria_provided,_multiple_submitters
ATP7A	p.N975D		0.0	Likely_benign	missense	criteria_provided,_multiple_submitters
ATP7A	p.N416T		0.0	Likely_benign	missense	criteria_provided,_multiple_submitters
ATP7A	p.V419F		0.0	Likely_benign	missense	criteria_provided,_multiple_submitters
ATP7A	p.G169D		0.0	Likely_benign	missense	criteria_provided,_multiple_submitters
ATP7A	p.T354A		0.0	Likely_benign	missense	criteria_provided,_multiple_submitters
ATP7A	p.F933L		0.0	Likely_benign	missense	criteria_provided,_multiple_submitters
ATP7A	p.L368S		0.0	Likely_benign	missense	criteria_provided,_multiple_submitters
ATP7A	p.I519V		0.0	Likely_benign	missense	criteria_provided,_multiple_submitters
ATP7A	p.H906Y		0.0	Likely_benign	missense	criteria_provided,_multiple_submitters
ATP7A	p.I435V		0.0	Likely_benign	missense	criteria_provided,_multiple_submitters
ATP7A	p.T447M		0.0	Likely_benign	missense	criteria_provided,_multiple_submitters
ATP7A	p.R531K		0.0	Likely_benign	missense	criteria_provided,_multiple_submitters
ATP7A	p.L219R		0.0	Likely_benign	missense	criteria_provided,_multiple_submitters
ATP7A	p.C502R		0.0	Likely_benign	missense	criteria_provided,_multiple_submitters
ATP7A	p.G496S		0.0	Likely_benign	missense	criteria_provided,_multiple_submitters
ATP7A	p.S357P		0.0	Likely_benign	missense	criteria_provided,_multiple_submitters
ATP7A	p.P615A		0.0	Likely_benign	missense	criteria_provided,_multiple_submitters
ATP7A	p.V664L		0.0	Likely_benign	missense	criteria_provided,_multiple_submitters
ATP7A	p.L714F		0.0	Likely_benign	missense	criteria_provided,_multiple_submitters
ATP7A	p.T818A		0.0	Likely_benign	missense	criteria_provided,_multiple_submitters
ATP7A	p.I189V		0.0	Likely_benign	missense	criteria_provided,_multiple_submitters
ATP7A	p.K246I		0.0	Likely_benign	missense	criteria_provided,_multiple_submitters
ATP7A	p.A126V		0.0	Likely_benign	missense	criteria_provided,_multiple_submitters
ATP7A	p.P120S		0.0	Likely_benign	missense	criteria_provided,_multiple_submitters
ATP7A	p.V134M		0.0	Likely_benign	missense	criteria_provided,_multiple_submitters
ATP7A	p.N963D		0.0	Likely_benign	missense	criteria_provided,_multiple_submitters
ATP7A	p.Q843R		0.0	Likely_benign	missense	criteria_provided,_multiple_submitters
ATP7A	p.S639G		0.0	Likely_benign	missense	criteria_provided,_multiple_submitters
ATP7A	p.Q241E		0.0	Likely_benign	missense	criteria_provided,_multiple_submitters
ATP7A	p.E557Q		0.0	Likely_benign	missense	criteria_provided,_multiple_submitters
ATP7A	p.R844C		0.0	Likely_benign	missense	criteria_provided,_multiple_submitters
ATP7A	p.D384G		0.0	Likely_benign	missense	criteria_provided,_multiple_submitters
ATP7A	p.T498S		0.0	Likely_benign	missense	criteria_provided,_multiple_submitters
ATP7A	p.I308V		0.0	Likely_benign	missense	criteria_provided,_multiple_submitters
ATP7A	p.I129V		0.0	Likely_benign	missense	criteria_provided,_multiple_submitters
ATP7A	p.Q104P		0.0	Likely_benign	missense	criteria_provided,_multiple_submitters
ATP7A	p.D642E		0.0	Likely_benign	missense	criteria_provided,_multiple_submitters
ATP7A	p.I978N		0.0	Likely_benign	missense	criteria_provided,_multiple_submitters
ATP7A	p.V370I		0.0	Likely_benign	missense	criteria_provided,_multiple_submitters
ATP7A	p.I959V		0.0	Likely_benign	missense	criteria_provided,_multiple_submitters
ATP7A	p.I537T		0.0	Likely_benign	missense	criteria_provided,_multiple_submitters
ATP7A	p.T467I		0.0	Likely_benign	missense	criteria_provided,_multiple_submitters
ATP7A	p.C160S		0.0	Likely_benign	missense	criteria_provided,_multiple_submitters
ATP7A	p.I902V		0.0	Likely_benign	missense	criteria_provided,_multiple_submitters
ATP7A	p.T818I		0.0	Likely_benign	missense	criteria_provided,_multiple_submitters
ATP7A	p.I830V		0.0	Likely_benign	missense	criteria_provided,_multiple_submitters
ATP7A	p.K884E		0.0	Likely_benign	missense	criteria_provided,_multiple_submitters
ATP7A	p.I395V		0.0	Likely_benign	missense	criteria_provided,_multiple_submitters
ATP7A	p.I950T		0.0	Likely_benign	missense	criteria_provided,_multiple_submitters
ATP7A	p.N275I		0.0	Likely_benign	missense	criteria_provided,_multiple_submitters
ATP7A	p.M175V		0.0	Likely_benign	missense	criteria_provided,_multiple_submitters
ATP7A	p.A455V		0.0	Likely_benign	missense	criteria_provided,_multiple_submitters
ATP7A	p.D635A		0.0	Likely_benign	missense	criteria_provided,_multiple_submitters
ATP7A	p.N1022K		0.0	Likely_benign	missense	criteria_provided,_multiple_submitters
ATP7A	p.I395T		0.0	Likely_benign	missense	criteria_provided,_multiple_submitters
ATP7A	p.M573I		0.0	Likely_benign	missense	criteria_provided,_multiple_submitters
ATP7A	p.H287R		0.0	Likely_benign	missense	criteria_provided,_multiple_submitters
ATP7A	p.I383V		0.0	Likely_benign	missense	criteria_provided,_multiple_submitters
ATP7A	p.L825F		0.0	Likely_benign	missense	criteria_provided,_multiple_submitters
ATP7A	p.H866Y		0.0	Likely_benign	missense	criteria_provided,_multiple_submitters
ATP7A	p.I133M		0.0	Likely_benign	missense	criteria_provided,_multiple_submitters
ATP7A	p.A337T		0.0	Likely_benign	missense	criteria_provided,_multiple_submitters
ATP7A	p.R645Q		0.0	Likely_benign	missense	criteria_provided,_multiple_submitters
ATP7A	p.R861C		0.0	Likely_benign	missense	criteria_provided,_multiple_submitters
ATP7A	p.A168T		0.0	Likely_benign	missense	criteria_provided,_multiple_submitters
ATP7A	p.T106I		0.0	Likely_benign	missense	criteria_provided,_multiple_submitters
ATP7A	p.P80L		0.0	Likely_benign	missense	criteria_provided,_multiple_submitters
ATP7A	p.T680I		0.0	Likely_benign	missense	criteria_provided,_multiple_submitters
ATP7A	p.T1010A		0.0	Likely_benign	missense	criteria_provided,_multiple_submitters
ATP7A	p.S105N		0.0	Likely_benign	missense	criteria_provided,_multiple_submitters
ATP7A	p.T212I		0.0	Likely_benign	missense	criteria_provided,_multiple_submitters
ATP7A	p.P539T		0.0	Likely_benign	missense	criteria_provided,_multiple_submitters
ATP7A	p.K644R		0.0	Likely_benign	missense	criteria_provided,_multiple_submitters
ATP7A	p.A559T		0.0	Likely_benign	missense	criteria_provided,_multiple_submitters
ATP7A	p.S157L		0.0	Likely_benign	missense	criteria_provided,_multiple_submitters
ATP7A	p.Y608C		0.0	Likely_benign	missense	criteria_provided,_multiple_submitters
ATP7A	p.T186P		0.0	Likely_benign	missense	criteria_provided,_multiple_submitters
ATP7A	p.A528G		0.0	Likely_benign	missense	criteria_provided,_multiple_submitters
ATP7A	p.V172M		0.0	Likely_benign	missense	criteria_provided,_multiple_submitters
ATP7A	p.I813V		0.0	Likely_benign	missense	criteria_provided,_multiple_submitters
ATP7A	p.I647M		0.0	Benign	missense	criteria_provided,_multiple_submitters
ATP7A	p.F944L		0.0	Benign	missense	criteria_provided,_multiple_submitters
ATP7A	p.G886D		0.0	Benign	missense	criteria_provided,_multiple_submitters
ATP7A	p.V579I		0.0	Benign	missense	criteria_provided,_multiple_submitters
ATP7A	p.M165V		0.0	Benign	missense	criteria_provided,_multiple_submitters
ATP7A	p.T983A		0.0	Benign	missense	criteria_provided,_multiple_submitters
ATP7A	p.M475I		0.0	Benign	missense	criteria_provided,_multiple_submitters
ATP7A	p.S488F		0.0	Benign	missense	criteria_provided,_multiple_submitters
ATP7A	p.V338E		0.0	Benign	missense	criteria_provided,_multiple_submitters
ATP7A	p.I669T		0.0	Benign	missense	criteria_provided,_multiple_submitters
ATP7A	p.S42L		0.0	Benign	missense	criteria_provided,_multiple_submitters
ATP7A	p.D79N		0.0	Benign	missense	criteria_provided,_multiple_submitters
ATP7A	p.V74L		0.0	Benign	missense	criteria_provided,_multiple_submitters
ATP7A	p.V127M		0.0	Benign	missense	criteria_provided,_multiple_submitters
ATP7A	p.I116V		0.0	Benign	missense	criteria_provided,_multiple_submitters
ATP7A	p.V579L		0.0	Benign	missense	criteria_provided,_multiple_submitters
ATP7A	p.Q456H		0.0	Benign	missense	criteria_provided,_multiple_submitters
ATP7A	p.R254H		0.0	Benign	missense	criteria_provided,_multiple_submitters
ATP7A	p.S164N		0.0	Benign	missense	criteria_provided,_multiple_submitters
ATP7A	p.I822T		0.0	Benign	missense	criteria_provided,_multiple_submitters
ATP7A	p.S688N		0.0	Benign	missense	criteria_provided,_multiple_submitters
ATP7A	p.R590G		0.0	Benign	missense	criteria_provided,_multiple_submitters
ATP7A	p.A159T		0.0	Benign	missense	criteria_provided,_multiple_submitters
ATP7A	p.G70D		0.0	Benign	missense	criteria_provided,_multiple_submitters
ATP7A	p.S637A		0.0	Benign	missense	criteria_provided,_multiple_submitters
