gene	hgvs_p	hgvs_g	gnomad_freq	clinical_sig	molecular_consequence	review_status
CAPN3	p.M1V	NC_000015.10:g.42359806A>G	0.0	pathogenic		
CAPN3	p.M1T	NC_000015.10:g.42359807T>C	0.0	pathogenic		
CAPN3	p.M1I	NC_000015.10:g.42359808G>T	0.0	pathogenic		
CAPN3	p.P2R	NC_000015.10:g.42359810C>G	0.0	vus		
CAPN3	p.T3A	NC_000015.10:g.42359812A>G	0.0	vus		
CAPN3	p.V4I	NC_000015.10:g.42359815G>A	0.0	vus		
CAPN3	p.I5V	NC_000015.10:g.42359818A>G	0.0	vus		
CAPN3	p.I5T	NC_000015.10:g.42359819T>C	0.0	vus		
CAPN3	p.A7T	NC_000015.10:g.42359824G>A	0.0	vus		
CAPN3	p.A7P	NC_000015.10:g.42359824G>C	0.0	vus		
CAPN3	p.V9L	NC_000015.10:g.42359830G>C	0.0	vus		
CAPN3	p.A14E	NC_000015.10:g.42359846C>A	0.0	vus		
CAPN3	p.A14V	NC_000015.10:g.42359846C>T	0.0	vus		
CAPN3	p.E16K	NC_000015.10:g.42359851G>A	0.0	vus		
CAPN3	p.E16Q	NC_000015.10:g.42359851G>C	0.0	vus		
CAPN3	p.E16A	NC_000015.10:g.42359852A>C	0.0	other		
CAPN3	p.P17S	NC_000015.10:g.42359854C>T	0.0	vus		
CAPN3	p.R18W	NC_000015.10:g.42359857C>T	0.0	vus		
CAPN3	p.R18Q	NC_000015.10:g.42359858G>A	0.0	vus		
CAPN3	p.G21W	NC_000015.10:g.42359866G>T	0.0	vus		
CAPN3	p.G21E	NC_000015.10:g.42359867G>A	0.0	other		
CAPN3	p.V23L	NC_000015.10:g.42359872G>C	0.0	vus		
CAPN3	p.H25Y	NC_000015.10:g.42359878C>T	0.0	benign		
CAPN3	p.P26R	NC_000015.10:g.42359882C>G	0.0	vus		
CAPN3	p.P26L	NC_000015.10:g.42359882C>T	0.0	vus		
CAPN3	p.S29R	NC_000015.10:g.42359892C>G	0.0	vus		
CAPN3	p.E33K	NC_000015.10:g.42359902G>A	0.0	vus		
CAPN3	p.A34T	NC_000015.10:g.42359905G>A	0.0	vus		
CAPN3	p.A34P	NC_000015.10:g.42359905G>C	0.0	vus		
CAPN3	p.A34G	NC_000015.10:g.42359906C>G	0.0	vus		
CAPN3	p.G35A	NC_000015.10:g.42359909G>C	0.0	vus		
CAPN3	p.G36A	NC_000015.10:g.42359912G>C	0.0	vus		
CAPN3	p.S40N	NC_000015.10:g.42359924G>A	0.0	vus		
CAPN3	p.G41V	NC_000015.10:g.42359927G>T	0.0	vus		
CAPN3	p.A45T	NC_000015.10:g.42359938G>A	0.0	pathogenic		
CAPN3	p.A45V	NC_000015.10:g.42359939C>T	0.0	other		
CAPN3	p.I46V	NC_000015.10:g.42359941A>G	0.0	vus		
CAPN3	p.S48N	NC_000015.10:g.42359948G>A	0.0	other		
CAPN3	p.R49C	NC_000015.10:g.42359950C>T	0.0	pathogenic		
CAPN3	p.R49H	NC_000015.10:g.42359951G>A	0.0	pathogenic		
CAPN3	p.N50S	NC_000015.10:g.42359954A>G	0.0	pathogenic		
CAPN3	p.F51L	NC_000015.10:g.42359956T>C	0.0	vus		
CAPN3	p.P52A	NC_000015.10:g.42359959C>G	0.0	vus		
CAPN3	p.I53V	NC_000015.10:g.42359962A>G	0.0	vus		
CAPN3	p.I54V	NC_000015.10:g.42359965A>G	0.0	vus		
CAPN3	p.G55R	NC_000015.10:g.42359968G>A	0.0	vus		
CAPN3	p.K57E	NC_000015.10:g.42359974A>G	0.0	vus		
CAPN3	p.E58K	NC_000015.10:g.42359977G>A	0.0	vus		
CAPN3	p.E62K	NC_000015.10:g.42359989G>A	0.0	vus		
CAPN3	p.H65D	NC_000015.10:g.42359998C>G	0.0	vus		
CAPN3	p.K66Q	NC_000015.10:g.42360001A>C	0.0	vus		
CAPN3	p.K67N	NC_000015.10:g.42360006A>T	0.0	vus		
CAPN3	p.C68R	NC_000015.10:g.42360007T>C	0.0	vus		
CAPN3	p.K71E	NC_000015.10:g.42360016A>G	0.0	vus		
CAPN3	p.Y75C	NC_000015.10:g.42360029A>G	0.0	vus		
CAPN3	p.Y75*	NC_000015.10:g.42360030T>A	0.0	pathogenic		
CAPN3	p.V76L	NC_000015.10:g.42360031G>C	0.0	vus		
CAPN3	p.D77N	NC_000015.10:g.42360034G>A	0.0	vus		
CAPN3	p.P78T	NC_000015.10:g.42360037C>A	0.0	other		
CAPN3	p.E79Q	NC_000015.10:g.42360040G>C	0.0	vus		
CAPN3	p.F80L	NC_000015.10:g.42360043T>C	0.0	vus		
CAPN3	p.F80V	NC_000015.10:g.42360043T>G	0.0	vus		
CAPN3	p.F80S	NC_000015.10:g.42360044T>C	0.0	vus		
CAPN3	p.F80L	NC_000015.10:g.42360045C>G	0.0	other		
CAPN3	p.P82L	NC_000015.10:g.42360050C>T	0.0	pathogenic		
CAPN3	p.E84*	NC_000015.10:g.42360055G>T	0.0	pathogenic		
CAPN3	p.S86F	NC_000015.10:g.42360062C>T	0.0	pathogenic		
CAPN3	p.L87V	NC_000015.10:g.42360064C>G	0.0	vus		
CAPN3	p.F88L	NC_000015.10:g.42360069T>G	0.0	other		
CAPN3	p.Y89C	NC_000015.10:g.42360071A>G	0.0	vus		
CAPN3	p.F93I	NC_000015.10:g.42360082T>A	0.0	vus		
CAPN3	p.P94L	NC_000015.10:g.42360086C>T	0.0	vus		
CAPN3	p.I95L	NC_000015.10:g.42360088A>C	0.0	vus		
CAPN3	p.Q96E	NC_000015.10:g.42360091C>G	0.0	vus		
CAPN3	p.Q96*	NC_000015.10:g.42360091C>T	0.0	pathogenic		
CAPN3	p.Q96R	NC_000015.10:g.42360092A>G	0.0	vus		
CAPN3	p.Q96H	NC_000015.10:g.42360093G>T	0.0	vus		
CAPN3	p.F97L	NC_000015.10:g.42360096C>A	0.0	pathogenic		
CAPN3	p.V98I	NC_000015.10:g.42360097G>A	0.0	vus		
CAPN3	p.V98F	NC_000015.10:g.42360097G>T	0.0	vus		
CAPN3	p.R101K	NC_000015.10:g.42360107G>A	0.0	pathogenic		
CAPN3	p.P102S	NC_000015.10:g.42360109C>T	0.0	vus		
CAPN3	p.P102L	NC_000015.10:g.42360110C>T	0.0	vus		
CAPN3	p.P103L	NC_000015.10:g.42360113C>T	0.0	vus		
CAPN3	p.E104*	NC_000015.10:g.42384483G>T	0.0	pathogenic		
CAPN3	p.C106S	NC_000015.10:g.42384490G>C	0.0	vus		
CAPN3	p.E107K	NC_000015.10:g.42384492G>A	0.0	benign		
CAPN3	p.E107*	NC_000015.10:g.42384492G>T	0.0	pathogenic		
CAPN3	p.N108S	NC_000015.10:g.42384496A>G	0.0	vus		
CAPN3	p.N108K	NC_000015.10:g.42384497T>A	0.0	vus		
CAPN3	p.P109T	NC_000015.10:g.42384498C>A	0.0	vus		
CAPN3	p.P109H	NC_000015.10:g.42384499C>A	0.0	vus		
CAPN3	p.R110*	NC_000015.10:g.42384501C>T	0.0	pathogenic		
CAPN3	p.R110Q	NC_000015.10:g.42384502G>A	0.0	benign		
CAPN3	p.F111I	NC_000015.10:g.42384504T>A	0.0	vus		
CAPN3	p.F111C	NC_000015.10:g.42384505T>G	0.0	vus		
CAPN3	p.I112V	NC_000015.10:g.42384507A>G	0.0	vus		
CAPN3	p.I113V	NC_000015.10:g.42384510A>G	0.0	vus		
CAPN3	p.I113T	NC_000015.10:g.42384511T>C	0.0	other		
CAPN3	p.G115*	NC_000015.10:g.42384516G>T	0.0	pathogenic		
CAPN3	p.A116D	NC_000015.10:g.42384520C>A	0.0	pathogenic		
CAPN3	p.N117H	NC_000015.10:g.42384522A>C	0.0	vus		
CAPN3	p.N117D	NC_000015.10:g.42384522A>G	0.0	vus		
CAPN3	p.R118G	NC_000015.10:g.42384525A>G	0.0	pathogenic		
CAPN3	p.T119A	NC_000015.10:g.42384528A>G	0.0	vus		
CAPN3	p.D120N	NC_000015.10:g.42384531G>A	0.0	other		
CAPN3	p.D120E	NC_000015.10:g.42384533C>A	0.0	vus		
CAPN3	p.I121V	NC_000015.10:g.42384534A>G	0.0	vus		
CAPN3	p.I121M	NC_000015.10:g.42384536C>G	0.0	pathogenic		
CAPN3	p.Q123K	NC_000015.10:g.42384540C>A	0.0	other		
CAPN3	p.G124A	NC_000015.10:g.42384544G>C	0.0	vus		
CAPN3	p.L126P	NC_000015.10:g.42384550T>C	0.0	other		
CAPN3	p.G127R	NC_000015.10:g.42384552G>A	0.0	pathogenic		
CAPN3	p.G127E	NC_000015.10:g.42386167G>A	0.0	pathogenic		
CAPN3	p.D128Y	NC_000015.10:g.42386169G>T	0.0	vus		
CAPN3	p.C129W	NC_000015.10:g.42386174C>G	0.0	vus		
CAPN3	p.W130*	NC_000015.10:g.42386176G>A	0.0	pathogenic		
CAPN3	p.L132P	NC_000015.10:g.42386182T>C	0.0	vus		
CAPN3	p.A133T	NC_000015.10:g.42386184G>A	0.0	other		
CAPN3	p.A133S	NC_000015.10:g.42386184G>T	0.0	vus		
CAPN3	p.A133V	NC_000015.10:g.42386185C>T	0.0	vus		
CAPN3	p.A136P	NC_000015.10:g.42386193G>C	0.0	vus		
CAPN3	p.L138V	NC_000015.10:g.42386199C>G	0.0	vus		
CAPN3	p.L138P	NC_000015.10:g.42386200T>C	0.0	pathogenic		
CAPN3	p.Q142*	NC_000015.10:g.42386211C>T	0.0	pathogenic		
CAPN3	p.Q142R	NC_000015.10:g.42386212A>G	0.0	vus		
CAPN3	p.L144F	NC_000015.10:g.42386217C>T	0.0	vus		
CAPN3	p.L145V	NC_000015.10:g.42386220C>G	0.0	vus		
CAPN3	p.L145F	NC_000015.10:g.42386220C>T	0.0	vus		
CAPN3	p.R147*	NC_000015.10:g.42386226C>T	0.0	pathogenic		
CAPN3	p.R147Q	NC_000015.10:g.42386227G>A	0.0	vus		
CAPN3	p.R147L	NC_000015.10:g.42386227G>T	0.0	vus		
CAPN3	p.V148I	NC_000015.10:g.42386229G>A	0.0	pathogenic		
CAPN3	p.V148L	NC_000015.10:g.42386229G>C	0.0	vus		
CAPN3	p.V148F	NC_000015.10:g.42386229G>T	0.0	vus		
CAPN3	p.I149V	NC_000015.10:g.42386232A>G	0.0	vus		
CAPN3	p.P150S	NC_000015.10:g.42386235C>T	0.0	vus		
CAPN3	p.H151D	NC_000015.10:g.42386238C>G	0.0	vus		
CAPN3	p.H151P	NC_000015.10:g.42386239A>C	0.0	vus		
CAPN3	p.H151R	NC_000015.10:g.42386239A>G	0.0	vus		
CAPN3	p.Q153H	NC_000015.10:g.42386246A>C	0.0	vus		
CAPN3	p.S154T	NC_000015.10:g.42386248G>C	0.0	vus		
CAPN3	p.I156V	NC_000015.10:g.42386253A>G	0.0	vus		
CAPN3	p.I156T	NC_000015.10:g.42386254T>C	0.0	benign		
CAPN3	p.I156M	NC_000015.10:g.42386255C>G	0.0	vus		
CAPN3	p.E157K	NC_000015.10:g.42386256G>A	0.0	vus		
CAPN3	p.Y159C	NC_000015.10:g.42386263A>G	0.0	vus		
CAPN3	p.A160T	NC_000015.10:g.42386265G>A	0.0	vus		
CAPN3	p.A160P	NC_000015.10:g.42386265G>C	0.0	vus		
CAPN3	p.A160S	NC_000015.10:g.42386265G>T	0.0	vus		
CAPN3	p.A160G	NC_000015.10:g.42386266C>G	0.0	benign		
CAPN3	p.G161R	NC_000015.10:g.42386268G>A	0.0	vus		
CAPN3	p.I162F	NC_000015.10:g.42386271A>T	0.0	vus		
CAPN3	p.H164Y	NC_000015.10:g.42386277C>T	0.0	vus		
CAPN3	p.H164P	NC_000015.10:g.42386278A>C	0.0	vus		
CAPN3	p.F165L	NC_000015.10:g.42386282C>A	0.0	vus		
CAPN3	p.F167S	NC_000015.10:g.42387754T>C	0.0	other		
CAPN3	p.W168*	NC_000015.10:g.42387757G>A	0.0	pathogenic		
CAPN3	p.R169G	NC_000015.10:g.42387759C>G	0.0	vus		
CAPN3	p.R169C	NC_000015.10:g.42387759C>T	0.0	vus		
CAPN3	p.R169H	NC_000015.10:g.42387760G>A	0.0	vus		
CAPN3	p.Y170C	NC_000015.10:g.42387763A>G	0.0	pathogenic		
CAPN3	p.G171E	NC_000015.10:g.42387766G>A	0.0	vus		
CAPN3	p.W173G	NC_000015.10:g.42387771T>G	0.0	vus		
CAPN3	p.W173*	NC_000015.10:g.42387772G>A	0.0	pathogenic		
CAPN3	p.W173*	NC_000015.10:g.42387773G>A	0.0	pathogenic		
CAPN3	p.V176M	NC_000015.10:g.42387780G>A	0.0	vus		
CAPN3	p.V176L	NC_000015.10:g.42387780G>T	0.0	other		
CAPN3	p.I178V	NC_000015.10:g.42387786A>G	0.0	vus		
CAPN3	p.I178K	NC_000015.10:g.42387787T>A	0.0	vus		
CAPN3	p.I178T	NC_000015.10:g.42387787T>C	0.0	other		
CAPN3	p.I178M	NC_000015.10:g.42387788A>G	0.0	vus		
CAPN3	p.D179N	NC_000015.10:g.42387789G>A	0.0	vus		
CAPN3	p.D179G	NC_000015.10:g.42387790A>G	0.0	vus		
CAPN3	p.D180N	NC_000015.10:g.42387792G>A	0.0	pathogenic		
CAPN3	p.D180G	NC_000015.10:g.42387793A>G	0.0	vus		
CAPN3	p.C181*	NC_000015.10:g.42387797C>A	0.0	pathogenic		
CAPN3	p.L182V	NC_000015.10:g.42387798C>G	0.0	vus		
CAPN3	p.L182Q	NC_000015.10:g.42387799T>A	0.0	pathogenic		
CAPN3	p.T184A	NC_000015.10:g.42387804A>G	0.0	other		
CAPN3	p.T184M	NC_000015.10:g.42387805C>T	0.0	benign		
CAPN3	p.Y185D	NC_000015.10:g.42387807T>G	0.0	vus		
CAPN3	p.Y185*	NC_000015.10:g.42387809C>G	0.0	pathogenic		
CAPN3	p.N186K	NC_000015.10:g.42387812C>A	0.0	vus		
CAPN3	p.N187S	NC_000015.10:g.42387814A>G	0.0	vus		
CAPN3	p.L189P	NC_000015.10:g.42387820T>C	0.0	other		
CAPN3	p.F191C	NC_000015.10:g.42387826T>G	0.0	pathogenic		
CAPN3	p.T192S	NC_000015.10:g.42387829C>G	0.0	vus		
CAPN3	p.T192I	NC_000015.10:g.42387829C>T	0.0	vus		
CAPN3	p.S194F	NC_000015.10:g.42387835C>T	0.0	other		
CAPN3	p.N195T	NC_000015.10:g.42387838A>C	0.0	vus		
CAPN3	p.N195S	NC_000015.10:g.42387838A>G	0.0	vus		
CAPN3	p.H196N	NC_000015.10:g.42387840C>A	0.0	vus		
CAPN3	p.R197C	NC_000015.10:g.42387843C>T	0.0	vus		
CAPN3	p.R197H	NC_000015.10:g.42387844G>A	0.0	other		
CAPN3	p.R197L	NC_000015.10:g.42387844G>T	0.0	vus		
CAPN3	p.N198S	NC_000015.10:g.42387847A>G	0.0	other		
CAPN3	p.E199D	NC_000015.10:g.42387851G>T	0.0	vus		
CAPN3	p.F200L	NC_000015.10:g.42387854C>G	0.0	vus		
CAPN3	p.W201S	NC_000015.10:g.42387856G>C	0.0	vus		
CAPN3	p.S202I	NC_000015.10:g.42387859G>T	0.0	vus		
CAPN3	p.A203G	NC_000015.10:g.42387862C>G	0.0	pathogenic		
CAPN3	p.A203V	NC_000015.10:g.42387862C>T	0.0	other		
CAPN3	p.L204V	NC_000015.10:g.42387864C>G	0.0	vus		
CAPN3	p.L205V	NC_000015.10:g.42387867C>G	0.0	vus		
CAPN3	p.L205P	NC_000015.10:g.42387868T>C	0.0	vus		
CAPN3	p.K207T	NC_000015.10:g.42387874A>C	0.0	vus		
CAPN3	p.A208S	NC_000015.10:g.42387876G>T	0.0	vus		
CAPN3	p.Y209N	NC_000015.10:g.42387879T>A	0.0	vus		
CAPN3	p.A210T	NC_000015.10:g.42387882G>A	0.0	vus		
CAPN3	p.A210G	NC_000015.10:g.42387883C>G	0.0	vus		
CAPN3	p.K211E	NC_000015.10:g.42387885A>G	0.0	vus		
CAPN3	p.K211R	NC_000015.10:g.42387886A>G	0.0	pathogenic		
CAPN3	p.K211N	NC_000015.10:g.42388928G>C	0.0	pathogenic		
CAPN3	p.K211N	NC_000015.10:g.42388928G>T	0.0	other		
CAPN3	p.L212P	NC_000015.10:g.42388930T>C	0.0	vus		
CAPN3	p.H213Y	NC_000015.10:g.42388932C>T	0.0	vus		
CAPN3	p.H213R	NC_000015.10:g.42388933A>G	0.0	other		
CAPN3	p.G214S	NC_000015.10:g.42388935G>A	0.0	pathogenic		
CAPN3	p.G214D	NC_000015.10:g.42388936G>A	0.0	pathogenic		
CAPN3	p.S215P	NC_000015.10:g.42388938T>C	0.0	pathogenic		
CAPN3	p.S215F	NC_000015.10:g.42388939C>T	0.0	vus		
CAPN3	p.Y216H	NC_000015.10:g.42388941T>C	0.0	vus		
CAPN3	p.Y216*	NC_000015.10:g.42388943C>G	0.0	pathogenic		
CAPN3	p.E217K	NC_000015.10:g.42388944G>A	0.0	pathogenic		
CAPN3	p.A218P	NC_000015.10:g.42388947G>C	0.0	vus		
CAPN3	p.G221S	NC_000015.10:g.42388956G>A	0.0	pathogenic		
CAPN3	p.G221C	NC_000015.10:g.42388956G>T	0.0	pathogenic		
CAPN3	p.G221V	NC_000015.10:g.42388957G>T	0.0	vus		
CAPN3	p.G222R	NC_000015.10:g.42388959G>A	0.0	pathogenic		
CAPN3	p.G222R	NC_000015.10:g.42388959G>C	0.0	pathogenic		
CAPN3	p.G222E	NC_000015.10:g.42388960G>A	0.0	pathogenic		
CAPN3	p.N223T	NC_000015.10:g.42388963A>C	0.0	pathogenic		
CAPN3	p.N223I	NC_000015.10:g.42388963A>T	0.0	vus		
CAPN3	p.T224S	NC_000015.10:g.42388965A>T	0.0	vus		
CAPN3	p.T225A	NC_000015.10:g.42388968A>G	0.0	vus		
CAPN3	p.A227T	NC_000015.10:g.42388974G>A	0.0	vus		
CAPN3	p.A227P	NC_000015.10:g.42388974G>C	0.0	vus		
CAPN3	p.A227V	NC_000015.10:g.42388975C>T	0.0	vus		
CAPN3	p.M228T	NC_000015.10:g.42388978T>C	0.0	vus		
CAPN3	p.D230H	NC_000015.10:g.42388983G>C	0.0	vus		
CAPN3	p.D230G	NC_000015.10:g.42388984A>G	0.0	vus		
CAPN3	p.F231S	NC_000015.10:g.42388987T>C	0.0	vus		
CAPN3	p.T232P	NC_000015.10:g.42388989A>C	0.0	vus		
CAPN3	p.G233E	NC_000015.10:g.42388993G>A	0.0	vus		
CAPN3	p.G234R	NC_000015.10:g.42388995G>A	0.0	pathogenic		
CAPN3	p.G234W	NC_000015.10:g.42388995G>T	0.0	pathogenic		
CAPN3	p.G234E	NC_000015.10:g.42388996G>A	0.0	pathogenic		
CAPN3	p.V235M	NC_000015.10:g.42388998G>A	0.0	vus		
CAPN3	p.A236T	NC_000015.10:g.42389001G>A	0.0	benign		
CAPN3	p.F238I	NC_000015.10:g.42389007T>A	0.0	vus		
CAPN3	p.E240G	NC_000015.10:g.42389014A>G	0.0	vus		
CAPN3	p.I241V	NC_000015.10:g.42389016A>G	0.0	vus		
CAPN3	p.R242K	NC_000015.10:g.42389020G>A	0.0	vus		
CAPN3	p.D243Y	NC_000015.10:g.42389022G>T	0.0	vus		
CAPN3	p.A244V	NC_000015.10:g.42389026C>T	0.0	vus		
CAPN3	p.P245S	NC_000015.10:g.42389028C>T	0.0	vus		
CAPN3	p.D247N	NC_000015.10:g.42389034G>A	0.0	vus		
CAPN3	p.D247G	NC_000015.10:g.42389035A>G	0.0	vus		
CAPN3	p.M248V	NC_000015.10:g.42389037A>G	0.0	vus		
CAPN3	p.M248R	NC_000015.10:g.42389038T>G	0.0	pathogenic		
CAPN3	p.Y249H	NC_000015.10:g.42389040T>C	0.0	benign		
CAPN3	p.Y249*	NC_000015.10:g.42389042C>G	0.0	pathogenic		
CAPN3	p.K250R	NC_000015.10:g.42389044A>G	0.0	vus		
CAPN3	p.M252V	NC_000015.10:g.42389049A>G	0.0	pathogenic		
CAPN3	p.M252T	NC_000015.10:g.42389050T>C	0.0	other		
CAPN3	p.K254*	NC_000015.10:g.42389055A>T	0.0	pathogenic		
CAPN3	p.A255T	NC_000015.10:g.42389058G>A	0.0	vus		
CAPN3	p.I256V	NC_000015.10:g.42389061A>G	0.0	vus		
CAPN3	p.E257K	NC_000015.10:g.42389064G>A	0.0	vus		
CAPN3	p.R258*	NC_000015.10:g.42389067A>T	0.0	pathogenic		
CAPN3	p.G259S	NC_000015.10:g.42389070G>A	0.0	vus		
CAPN3	p.S260F	NC_000015.10:g.42389074C>T	0.0	pathogenic		
CAPN3	p.M262V	NC_000015.10:g.42389079A>G	0.0	vus		
CAPN3	p.M262L	NC_000015.10:g.42389079A>T	0.0	vus		
CAPN3	p.G263D	NC_000015.10:g.42389083G>A	0.0	vus		
CAPN3	p.C264Y	NC_000015.10:g.42389086G>A	0.0	vus		
CAPN3	p.S265P	NC_000015.10:g.42389088T>C	0.0	other		
CAPN3	p.S265A	NC_000015.10:g.42389088T>G	0.0	vus		
CAPN3	p.S265F	NC_000015.10:g.42389089C>T	0.0	vus		
CAPN3	p.I266T	NC_000015.10:g.42389092T>C	0.0	vus		
CAPN3	p.D268Y	NC_000015.10:g.42389953G>T	0.0	vus		
CAPN3	p.G269A	NC_000015.10:g.42389957G>C	0.0	vus		
CAPN3	p.T270M	NC_000015.10:g.42389960C>T	0.0	vus		
CAPN3	p.N271K	NC_000015.10:g.42389964C>G	0.0	other		
CAPN3	p.M272V	NC_000015.10:g.42389965A>G	0.0	vus		
CAPN3	p.M272L	NC_000015.10:g.42389965A>T	0.0	vus		
CAPN3	p.M272T	NC_000015.10:g.42389966T>C	0.0	vus		
CAPN3	p.Y274C	NC_000015.10:g.42389972A>G	0.0	vus		
CAPN3	p.S277F	NC_000015.10:g.42389981C>T	0.0	vus		
CAPN3	p.S279P	NC_000015.10:g.42389986T>C	0.0	vus		
CAPN3	p.G280V	NC_000015.10:g.42389990G>T	0.0	vus		
CAPN3	p.N282Y	NC_000015.10:g.42389995A>T	0.0	vus		
CAPN3	p.M283V	NC_000015.10:g.42389998A>G	0.0	vus		
CAPN3	p.M283T	NC_000015.10:g.42389999T>C	0.0	pathogenic		
CAPN3	p.E285*	NC_000015.10:g.42390004G>T	0.0	pathogenic		
CAPN3	p.L286V	NC_000015.10:g.42390007T>G	0.0	vus		
CAPN3	p.I287L	NC_000015.10:g.42390010A>C	0.0	vus		
CAPN3	p.I287V	NC_000015.10:g.42390010A>G	0.0	vus		
CAPN3	p.A288V	NC_000015.10:g.42390014C>T	0.0	vus		
CAPN3	p.R289W	NC_000015.10:g.42390016C>T	0.0	pathogenic		
CAPN3	p.R289Q	NC_000015.10:g.42390017G>A	0.0	vus		
CAPN3	p.M290L	NC_000015.10:g.42390019A>T	0.0	vus		
CAPN3	p.V291I	NC_000015.10:g.42390022G>A	0.0	vus		
CAPN3	p.R292W	NC_000015.10:g.42390025A>T	0.0	vus		
CAPN3	p.M294R	NC_000015.10:g.42390032T>G	0.0	vus		
CAPN3	p.M294I	NC_000015.10:g.42390033G>A	0.0	vus		
CAPN3	p.D295H	NC_000015.10:g.42390034G>C	0.0	vus		
CAPN3	p.D295V	NC_000015.10:g.42390035A>T	0.0	vus		
CAPN3	p.L299H	NC_000015.10:g.42390047T>A	0.0	vus		
CAPN3	p.Q300*	NC_000015.10:g.42390049C>T	0.0	pathogenic		
CAPN3	p.D301E	NC_000015.10:g.42390054C>A	0.0	vus		
CAPN3	p.S302L	NC_000015.10:g.42390056C>T	0.0	vus		
CAPN3	p.D305N	NC_000015.10:g.42390064G>A	0.0	vus		
CAPN3	p.D305H	NC_000015.10:g.42390064G>C	0.0	vus		
CAPN3	p.P306S	NC_000015.10:g.42390067C>T	0.0	vus		
CAPN3	p.P306L	NC_000015.10:g.42390068C>T	0.0	vus		
CAPN3	p.R307K	NC_000015.10:g.42390071G>A	0.0	vus		
CAPN3	p.G308R	NC_000015.10:g.42390073G>C	0.0	vus		
CAPN3	p.D310N	NC_000015.10:g.42390079G>A	0.0	vus		
CAPN3	p.E311*	NC_000015.10:g.42390082G>T	0.0	pathogenic		
CAPN3	p.R312G	NC_000015.10:g.42390085A>G	0.0	vus		
CAPN3	p.P313R	NC_000015.10:g.42390089C>G	0.0	vus		
CAPN3	p.P313L	NC_000015.10:g.42390089C>T	0.0	vus		
CAPN3	p.R315G	NC_000015.10:g.42390094C>G	0.0	vus		
CAPN3	p.R315W	NC_000015.10:g.42390094C>T	0.0	vus		
CAPN3	p.R315Q	NC_000015.10:g.42390095G>A	0.0	vus		
CAPN3	p.T316I	NC_000015.10:g.42392640C>T	0.0	vus		
CAPN3	p.I317V	NC_000015.10:g.42392642A>G	0.0	vus		
CAPN3	p.I317T	NC_000015.10:g.42392643T>C	0.0	vus		
CAPN3	p.P319T	NC_000015.10:g.42392648C>A	0.0	vus		
CAPN3	p.P319R	NC_000015.10:g.42392649C>G	0.0	pathogenic		
CAPN3	p.P319L	NC_000015.10:g.42392649C>T	0.0	pathogenic		
CAPN3	p.V320F	NC_000015.10:g.42392651G>T	0.0	vus		
CAPN3	p.Y322H	NC_000015.10:g.42392657T>C	0.0	vus		
CAPN3	p.Y322C	NC_000015.10:g.42392658A>G	0.0	vus		
CAPN3	p.Y322*	NC_000015.10:g.42392659T>A	0.0	pathogenic		
CAPN3	p.E323*	NC_000015.10:g.42392660G>T	0.0	pathogenic		
CAPN3	p.R325*	NC_000015.10:g.42392666A>T	0.0	pathogenic		
CAPN3	p.A327G	NC_000015.10:g.42392673C>G	0.0	vus		
CAPN3	p.C328R	NC_000015.10:g.42392675T>C	0.0	vus		
CAPN3	p.C328*	NC_000015.10:g.42392677C>A	0.0	pathogenic		
CAPN3	p.G329R	NC_000015.10:g.42392678G>A	0.0	pathogenic		
CAPN3	p.G329R	NC_000015.10:g.42392678G>C	0.0	pathogenic		
CAPN3	p.G329A	NC_000015.10:g.42392679G>C	0.0	vus		
CAPN3	p.G333D	NC_000015.10:g.42392691G>A	0.0	vus		
CAPN3	p.H334L	NC_000015.10:g.42392694A>T	0.0	other		
CAPN3	p.A335T	NC_000015.10:g.42392696G>A	0.0	vus		
CAPN3	p.A335S	NC_000015.10:g.42392696G>T	0.0	vus		
CAPN3	p.Y336N	NC_000015.10:g.42392699T>A	0.0	pathogenic		
CAPN3	p.Y336D	NC_000015.10:g.42392699T>G	0.0	pathogenic		
CAPN3	p.Y336C	NC_000015.10:g.42392700A>G	0.0	vus		
CAPN3	p.Y336*	NC_000015.10:g.42392701C>G	0.0	pathogenic		
CAPN3	p.S337P	NC_000015.10:g.42392702T>C	0.0	pathogenic		
CAPN3	p.V338L	NC_000015.10:g.42392705G>C	0.0	vus		
CAPN3	p.V338F	NC_000015.10:g.42392705G>T	0.0	vus		
CAPN3	p.T339M	NC_000015.10:g.42392709C>T	0.0	vus		
CAPN3	p.G340R	NC_000015.10:g.42392711G>C	0.0	vus		
CAPN3	p.E343*	NC_000015.10:g.42392720G>T	0.0	pathogenic		
CAPN3	p.P345R	NC_000015.10:g.42394260C>G	0.0	vus		
CAPN3	p.P345L	NC_000015.10:g.42394260C>T	0.0	other		
CAPN3	p.K347R	NC_000015.10:g.42394266A>G	0.0	vus		
CAPN3	p.G348S	NC_000015.10:g.42394268G>A	0.0	vus		
CAPN3	p.E349Q	NC_000015.10:g.42394271G>C	0.0	other		
CAPN3	p.L353P	NC_000015.10:g.42394284T>C	0.0	vus		
CAPN3	p.V354G	NC_000015.10:g.42394287T>G	0.0	pathogenic		
CAPN3	p.R355G	NC_000015.10:g.42394289C>G	0.0	vus		
CAPN3	p.R355W	NC_000015.10:g.42394289C>T	0.0	pathogenic		
CAPN3	p.R355L	NC_000015.10:g.42394290G>T	0.0	vus		
CAPN3	p.R357W	NC_000015.10:g.42394295C>T	0.0	other		
CAPN3	p.R357Q	NC_000015.10:g.42394296G>A	0.0	other		
CAPN3	p.N358D	NC_000015.10:g.42394298A>G	0.0	vus		
CAPN3	p.N358S	NC_000015.10:g.42394299A>G	0.0	vus		
CAPN3	p.P359L	NC_000015.10:g.42394302C>T	0.0	other		
CAPN3	p.W360*	NC_000015.10:g.42394305G>A	0.0	pathogenic		
CAPN3	p.W360C	NC_000015.10:g.42394306G>C	0.0	pathogenic		
CAPN3	p.G361D	NC_000015.10:g.42394308G>A	0.0	vus		
CAPN3	p.Q362*	NC_000015.10:g.42394310C>T	0.0	pathogenic		
CAPN3	p.V363E	NC_000015.10:g.42394314T>A	0.0	vus		
CAPN3	p.E364D	NC_000015.10:g.42394318G>T	0.0	vus		
CAPN3	p.N366K	NC_000015.10:g.42394324C>A	0.0	vus		
CAPN3	p.G367S	NC_000015.10:g.42394325G>A	0.0	other		
CAPN3	p.W369*	NC_000015.10:g.42394332G>A	0.0	pathogenic		
CAPN3	p.S370N	NC_000015.10:g.42394335G>A	0.0	vus		
CAPN3	p.D371E	NC_000015.10:g.42394339T>A	0.0	vus		
CAPN3	p.W373R	NC_000015.10:g.42396801T>C	0.0	other		
CAPN3	p.W373*	NC_000015.10:g.42396802G>A	0.0	pathogenic		
CAPN3	p.W373*	NC_000015.10:g.42396803G>A	0.0	other		
CAPN3	p.D375N	NC_000015.10:g.42396807G>A	0.0	vus		
CAPN3	p.D375H	NC_000015.10:g.42396807G>C	0.0	vus		
CAPN3	p.D375E	NC_000015.10:g.42396809C>G	0.0	vus		
CAPN3	p.W376G	NC_000015.10:g.42396810T>G	0.0	vus		
CAPN3	p.W376*	NC_000015.10:g.42396811G>A	0.0	pathogenic		
CAPN3	p.W376*	NC_000015.10:g.42396812G>A	0.0	pathogenic		
CAPN3	p.S377N	NC_000015.10:g.42396814G>A	0.0	vus		
CAPN3	p.F378L	NC_000015.10:g.42396816T>C	0.0	vus		
CAPN3	p.K381R	NC_000015.10:g.42396826A>G	0.0	vus		
CAPN3	p.E383G	NC_000015.10:g.42396832A>G	0.0	vus		
CAPN3	p.A385V	NC_000015.10:g.42396838C>T	0.0	vus		
CAPN3	p.R386C	NC_000015.10:g.42396840C>T	0.0	other		
CAPN3	p.R386H	NC_000015.10:g.42396841G>A	0.0	vus		
CAPN3	p.Q388*	NC_000015.10:g.42396846C>T	0.0	pathogenic		
CAPN3	p.Q388R	NC_000015.10:g.42396847A>G	0.0	vus		
CAPN3	p.G395R	NC_000015.10:g.42396867G>A	0.0	vus		
CAPN3	p.E396G	NC_000015.10:g.42396871A>G	0.0	pathogenic		
CAPN3	p.F397L	NC_000015.10:g.42396875C>G	0.0	vus		
CAPN3	p.W398R	NC_000015.10:g.42396876T>C	0.0	vus		
CAPN3	p.W398S	NC_000015.10:g.42396877G>C	0.0	vus		
CAPN3	p.M399V	NC_000015.10:g.42399493A>G	0.0	vus		
CAPN3	p.S400T	NC_000015.10:g.42399496T>A	0.0	vus		
CAPN3	p.Y401H	NC_000015.10:g.42399499T>C	0.0	vus		
CAPN3	p.Y401C	NC_000015.10:g.42399500A>G	0.0	other		
CAPN3	p.Y401F	NC_000015.10:g.42399500A>T	0.0	pathogenic		
CAPN3	p.F404S	NC_000015.10:g.42399509T>C	0.0	vus		
CAPN3	p.Y406C	NC_000015.10:g.42399515A>G	0.0	vus		
CAPN3	p.H407R	NC_000015.10:g.42399518A>G	0.0	vus		
CAPN3	p.E412*	NC_000015.10:g.42399532G>T	0.0	pathogenic		
CAPN3	p.I413T	NC_000015.10:g.42399536T>C	0.0	vus		
CAPN3	p.C414G	NC_000015.10:g.42399538T>G	0.0	vus		
CAPN3	p.N415S	NC_000015.10:g.42399542A>G	0.0	vus		
CAPN3	p.L416F	NC_000015.10:g.42399544C>T	0.0	vus		
CAPN3	p.T417M	NC_000015.10:g.42399548C>T	0.0	pathogenic		
CAPN3	p.D419N	NC_000015.10:g.42399553G>A	0.0	vus		
CAPN3	p.D419G	NC_000015.10:g.42399554A>G	0.0	pathogenic		
CAPN3	p.D419E	NC_000015.10:g.42399555T>G	0.0	pathogenic		
CAPN3	p.A420V	NC_000015.10:g.42399557C>T	0.0	vus		
CAPN3	p.Q422R	NC_000015.10:g.42399563A>G	0.0	other		
CAPN3	p.S423P	NC_000015.10:g.42399565T>C	0.0	vus		
CAPN3	p.L426P	NC_000015.10:g.42399575T>C	0.0	vus		
CAPN3	p.T430K	NC_000015.10:g.42399587C>A	0.0	vus		
CAPN3	p.V431L	NC_000015.10:g.42399589G>C	0.0	vus		
CAPN3	p.V431A	NC_000015.10:g.42399590T>C	0.0	vus		
CAPN3	p.E435K	NC_000015.10:g.42399601G>A	0.0	pathogenic		
CAPN3	p.E435D	NC_000015.10:g.42399603G>C	0.0	vus		
CAPN3	p.G436V	NC_000015.10:g.42399605G>T	0.0	vus		
CAPN3	p.R437G	NC_000015.10:g.42399607C>G	0.0	pathogenic		
CAPN3	p.R437C	NC_000015.10:g.42399607C>T	0.0	pathogenic		
CAPN3	p.R437L	NC_000015.10:g.42399608G>T	0.0	vus		
CAPN3	p.W438C	NC_000015.10:g.42399612G>C	0.0	vus		
CAPN3	p.R440W	NC_000015.10:g.42399616C>T	0.0	pathogenic		
CAPN3	p.R440Q	NC_000015.10:g.42399617G>A	0.0	pathogenic		
CAPN3	p.G441D	NC_000015.10:g.42399620G>A	0.0	pathogenic		
CAPN3	p.C442Y	NC_000015.10:g.42399623G>A	0.0	vus		
CAPN3	p.S443P	NC_000015.10:g.42399625T>C	0.0	other		
CAPN3	p.S443F	NC_000015.10:g.42399626C>T	0.0	vus		
CAPN3	p.G445R	NC_000015.10:g.42399631G>A	0.0	pathogenic		
CAPN3	p.G445R	NC_000015.10:g.42399631G>C	0.0	pathogenic		
CAPN3	p.G445*	NC_000015.10:g.42399631G>T	0.0	pathogenic		
CAPN3	p.G445E	NC_000015.10:g.42399632G>A	0.0	vus		
CAPN3	p.G446S	NC_000015.10:g.42399634G>A	0.0	vus		
CAPN3	p.R448G	NC_000015.10:g.42399640C>G	0.0	pathogenic		
CAPN3	p.R448C	NC_000015.10:g.42399640C>T	0.0	pathogenic		
CAPN3	p.R448H	NC_000015.10:g.42399641G>A	0.0	pathogenic		
CAPN3	p.R448L	NC_000015.10:g.42399641G>T	0.0	pathogenic		
CAPN3	p.N449H	NC_000015.10:g.42399643A>C	0.0	vus		
CAPN3	p.N449D	NC_000015.10:g.42399643A>G	0.0	vus		
CAPN3	p.N449S	NC_000015.10:g.42399644A>G	0.0	vus		
CAPN3	p.N449K	NC_000015.10:g.42399645C>A	0.0	pathogenic		
CAPN3	p.P451L	NC_000015.10:g.42399650C>T	0.0	vus		
CAPN3	p.D452H	NC_000015.10:g.42399652G>C	0.0	vus		
CAPN3	p.D452Y	NC_000015.10:g.42399652G>T	0.0	other		
CAPN3	p.D452G	NC_000015.10:g.42401641A>G	0.0	vus		
CAPN3	p.T453A	NC_000015.10:g.42401643A>G	0.0	vus		
CAPN3	p.W455R	NC_000015.10:g.42401649T>C	0.0	pathogenic		
CAPN3	p.N457K	NC_000015.10:g.42401657C>G	0.0	vus		
CAPN3	p.Q459*	NC_000015.10:g.42401661C>T	0.0	pathogenic		
CAPN3	p.Q459H	NC_000015.10:g.42401663G>T	0.0	vus		
CAPN3	p.Y460N	NC_000015.10:g.42401664T>A	0.0	vus		
CAPN3	p.R461C	NC_000015.10:g.42401667C>T	0.0	pathogenic		
CAPN3	p.R461H	NC_000015.10:g.42401668G>A	0.0	vus		
CAPN3	p.L464V	NC_000015.10:g.42401676C>G	0.0	vus		
CAPN3	p.L464F	NC_000015.10:g.42401676C>T	0.0	vus		
CAPN3	p.E466K	NC_000015.10:g.42401682G>A	0.0	vus		
CAPN3	p.D468G	NC_000015.10:g.42401689A>G	0.0	vus		
CAPN3	p.D468E	NC_000015.10:g.42401690C>G	0.0	vus		
CAPN3	p.D469N	NC_000015.10:g.42401691G>A	0.0	vus		
CAPN3	p.P471S	NC_000015.10:g.42401697C>T	0.0	vus		
CAPN3	p.D473E	NC_000015.10:g.42401705C>G	0.0	vus		
CAPN3	p.S474P	NC_000015.10:g.42401706_42401719delinsC	0.0	other		
CAPN3	p.S479G	NC_000015.10:g.42401721A>G	0.0	pathogenic		
CAPN3	p.F480Y	NC_000015.10:g.42401725T>A	0.0	other		
CAPN3	p.L481P	NC_000015.10:g.42401728T>C	0.0	other		
CAPN3	p.V482M	NC_000015.10:g.42401730G>A	0.0	vus		
CAPN3	p.A483T	NC_000015.10:g.42401733G>A	0.0	pathogenic		
CAPN3	p.A483D	NC_000015.10:g.42401734C>A	0.0	pathogenic		
CAPN3	p.L484M	NC_000015.10:g.42401736C>A	0.0	vus		
CAPN3	p.Q486*	NC_000015.10:g.42401742C>T	0.0	pathogenic		
CAPN3	p.R489W	NC_000015.10:g.42401751C>T	0.0	pathogenic		
CAPN3	p.R489Q	NC_000015.10:g.42401752G>A	0.0	pathogenic		
CAPN3	p.R490W	NC_000015.10:g.42401754C>T	0.0	pathogenic		
CAPN3	p.R490Q	NC_000015.10:g.42401755G>A	0.0	pathogenic		
CAPN3	p.R493G	NC_000015.10:g.42401763C>G	0.0	other		
CAPN3	p.R493W	NC_000015.10:g.42401763C>T	0.0	pathogenic		
CAPN3	p.R493Q	NC_000015.10:g.42401764G>A	0.0	vus		
CAPN3	p.L495P	NC_000015.10:g.42401770T>C	0.0	vus		
CAPN3	p.G496R	NC_000015.10:g.42401772G>A	0.0	other		
CAPN3	p.A497P	NC_000015.10:g.42401775G>C	0.0	vus		
CAPN3	p.L499V	NC_000015.10:g.42401781C>G	0.0	vus		
CAPN3	p.T501I	NC_000015.10:g.42401788C>T	0.0	other		
CAPN3	p.I502V	NC_000015.10:g.42401790A>G	0.0	vus		
CAPN3	p.I502F	NC_000015.10:g.42401790A>T	0.0	vus		
CAPN3	p.I502T	NC_000015.10:g.42401791T>C	0.0	other		
CAPN3	p.G503A	NC_000015.10:g.42401794G>C	0.0	vus		
CAPN3	p.F504C	NC_000015.10:g.42401797T>G	0.0	vus		
CAPN3	p.F504L	NC_000015.10:g.42401798C>G	0.0	vus		
CAPN3	p.A505T	NC_000015.10:g.42401799G>A	0.0	vus		
CAPN3	p.A505P	NC_000015.10:g.42401799G>C	0.0	vus		
CAPN3	p.A505V	NC_000015.10:g.42401800C>T	0.0	vus		
CAPN3	p.I506L	NC_000015.10:g.42401802A>C	0.0	vus		
CAPN3	p.I506V	NC_000015.10:g.42401802A>G	0.0	vus		
CAPN3	p.I506T	NC_000015.10:g.42401803T>C	0.0	other		
CAPN3	p.Y507C	NC_000015.10:g.42401806A>G	0.0	vus		
CAPN3	p.E508K	NC_000015.10:g.42401808G>A	0.0	vus		
CAPN3	p.V509F	NC_000015.10:g.42402124G>T	0.0	pathogenic		
CAPN3	p.E512D	NC_000015.10:g.42402135G>C	0.0	other		
CAPN3	p.H514Q	NC_000015.10:g.42402799C>A	0.0	vus		
CAPN3	p.G515R	NC_000015.10:g.42402800G>A	0.0	other		
CAPN3	p.K517R	NC_000015.10:g.42402807A>G	0.0	vus		
CAPN3	p.Q518*	NC_000015.10:g.42402809C>T	0.0	pathogenic		
CAPN3	p.Q518R	NC_000015.10:g.42402810A>G	0.0	vus		
CAPN3	p.Q521*	NC_000015.10:g.42402818C>T	0.0	pathogenic		
CAPN3	p.Q521P	NC_000015.10:g.42402819A>C	0.0	vus		
CAPN3	p.L526P	NC_000015.10:g.42402834T>C	0.0	vus		
CAPN3	p.N528D	NC_000015.10:g.42402839A>G	0.0	vus		
CAPN3	p.N528K	NC_000015.10:g.42402841C>A	0.0	vus		
CAPN3	p.A529T	NC_000015.10:g.42402842G>A	0.0	vus		
CAPN3	p.S530P	NC_000015.10:g.42402845T>C	0.0	vus		
CAPN3	p.Y537*	NC_000015.10:g.42402868C>A	0.0	pathogenic		
CAPN3	p.M540T	NC_000015.10:g.42402876T>C	0.0	vus		
CAPN3	p.R541G	NC_000015.10:g.42402878C>G	0.0	other		
CAPN3	p.R541W	NC_000015.10:g.42402878C>T	0.0	pathogenic		
CAPN3	p.R541Q	NC_000015.10:g.42402879G>A	0.0	pathogenic		
CAPN3	p.V543G	NC_000015.10:g.42402885T>G	0.0	vus		
CAPN3	p.S544F	NC_000015.10:g.42402888C>T	0.0	vus		
CAPN3	p.Q545*	NC_000015.10:g.42402890C>T	0.0	pathogenic		
CAPN3	p.R546C	NC_000015.10:g.42402893C>T	0.0	other		
CAPN3	p.R546H	NC_000015.10:g.42402894G>A	0.0	vus		
CAPN3	p.R548C	NC_000015.10:g.42402899C>T	0.0	vus		
CAPN3	p.R548H	NC_000015.10:g.42402900G>A	0.0	other		
CAPN3	p.L549Q	NC_000015.10:g.42402903T>A	0.0	vus		
CAPN3	p.S552R	NC_000015.10:g.42402913C>A	0.0	vus		
CAPN3	p.E553K	NC_000015.10:g.42402914G>A	0.0	pathogenic		
CAPN3	p.E553G	NC_000015.10:g.42402915A>G	0.0	vus		
CAPN3	p.E553D	NC_000015.10:g.42402916G>C	0.0	vus		
CAPN3	p.Y554*	NC_000015.10:g.42402919C>G	0.0	pathogenic		
CAPN3	p.V555I	NC_000015.10:g.42402920G>A	0.0	other		
CAPN3	p.V555L	NC_000015.10:g.42402920G>C	0.0	vus		
CAPN3	p.V555D	NC_000015.10:g.42402921T>A	0.0	vus		
CAPN3	p.V557M	NC_000015.10:g.42402926G>A	0.0	vus		
CAPN3	p.P558S	NC_000015.10:g.42402929C>T	0.0	vus		
CAPN3	p.P558L	NC_000015.10:g.42402930C>T	0.0	other		
CAPN3	p.S559P	NC_000015.10:g.42402932T>C	0.0	vus		
CAPN3	p.T560A	NC_000015.10:g.42402935A>G	0.0	vus		
CAPN3	p.Y561H	NC_000015.10:g.42402938T>C	0.0	other		
CAPN3	p.E562K	NC_000015.10:g.42402941G>A	0.0	vus		
CAPN3	p.H564Q	NC_000015.10:g.42402949C>G	0.0	vus		
CAPN3	p.Q565*	NC_000015.10:g.42402950C>T	0.0	other		
CAPN3	p.E566K	NC_000015.10:g.42402953G>A	0.0	other		
CAPN3	p.G567R	NC_000015.10:g.42402956G>A	0.0	pathogenic		
CAPN3	p.G567W	NC_000015.10:g.42402956G>T	0.0	pathogenic		
CAPN3	p.E568Q	NC_000015.10:g.42402959G>C	0.0	vus		
CAPN3	p.F569S	NC_000015.10:g.42402963T>C	0.0	pathogenic		
CAPN3	p.L571V	NC_000015.10:g.42402968C>G	0.0	vus		
CAPN3	p.R572G	NC_000015.10:g.42402971C>G	0.0	vus		
CAPN3	p.R572W	NC_000015.10:g.42402971C>T	0.0	pathogenic		
CAPN3	p.R572Q	NC_000015.10:g.42402972G>A	0.0	pathogenic		
CAPN3	p.R572P	NC_000015.10:g.42402972G>C	0.0	vus		
CAPN3	p.V573D	NC_000015.10:g.42402975T>A	0.0	vus		
CAPN3	p.R578K	NC_000015.10:g.42402990G>A	0.0	vus		
CAPN3	p.S581C	NC_000015.10:g.42402999C>G	0.0	pathogenic		
CAPN3	p.I588T	NC_000015.10:g.42403758T>C	0.0	vus		
CAPN3	p.V590M	NC_000015.10:g.42403763G>A	0.0	vus		
CAPN3	p.V590L	NC_000015.10:g.42403763G>T	0.0	vus		
CAPN3	p.R592W	NC_000015.10:g.42403769C>T	0.0	vus		
CAPN3	p.R592Q	NC_000015.10:g.42403770G>A	0.0	vus		
CAPN3	p.P593L	NC_000015.10:g.42403773C>T	0.0	vus		
CAPN3	p.K596R	NC_000015.10:g.42405930A>G	0.0	vus		
CAPN3	p.K596N	NC_000015.10:g.42405931G>T	0.0	vus		
CAPN3	p.T599A	NC_000015.10:g.42405938A>G	0.0	vus		
CAPN3	p.T599N	NC_000015.10:g.42405939C>A	0.0	vus		
CAPN3	p.P601S	NC_000015.10:g.42408211C>T	0.0	vus		
CAPN3	p.P601L	NC_000015.10:g.42408212C>T	0.0	vus		
CAPN3	p.I603V	NC_000015.10:g.42408217A>G	0.0	vus		
CAPN3	p.V605I	NC_000015.10:g.42408223G>A	0.0	vus		
CAPN3	p.V605L	NC_000015.10:g.42408223G>C	0.0	other		
CAPN3	p.V605G	NC_000015.10:g.42408224T>G	0.0	vus		
CAPN3	p.S606L	NC_000015.10:g.42408227C>T	0.0	pathogenic		
CAPN3	p.R608K	NC_000015.10:g.42408233G>A	0.0	vus		
CAPN3	p.N612H	NC_000015.10:g.42408244A>C	0.0	vus		
CAPN3	p.E614G	NC_000015.10:g.42408251A>G	0.0	vus		
CAPN3	p.E614D	NC_000015.10:g.42408252G>C	0.0	other		
CAPN3	p.L615Q	NC_000015.10:g.42408254T>A	0.0	vus		
CAPN3	p.L615P	NC_000015.10:g.42408254T>C	0.0	vus		
CAPN3	p.G616R	NC_000015.10:g.42408256G>C	0.0	vus		
CAPN3	p.Q619K	NC_000015.10:g.42408265C>A	0.0	vus		
CAPN3	p.Q619E	NC_000015.10:g.42408265C>G	0.0	vus		
CAPN3	p.Q619*	NC_000015.10:g.42408265C>T	0.0	pathogenic		
CAPN3	p.E620*	NC_000015.10:g.42408268G>T	0.0	pathogenic		
CAPN3	p.E623K	NC_000015.10:g.42408277G>A	0.0	vus		
CAPN3	p.E623D	NC_000015.10:g.42408279G>C	0.0	vus		
CAPN3	p.G624D	NC_000015.10:g.42408281G>A	0.0	vus		
CAPN3	p.S629N	NC_000015.10:g.42408296G>A	0.0	vus		
CAPN3	p.K632*	NC_000015.10:g.42408304A>T	0.0	pathogenic		
CAPN3	p.K632N	NC_000015.10:g.42408306G>T	0.0	vus		
CAPN3	p.Q633*	NC_000015.10:g.42408307C>T	0.0	pathogenic		
CAPN3	p.Q635*	NC_000015.10:g.42408313C>T	0.0	pathogenic		
CAPN3	p.Q635R	NC_000015.10:g.42408314A>G	0.0	vus		
CAPN3	p.P637S	NC_000015.10:g.42408319C>T	0.0	vus		
CAPN3	p.Q638P	NC_000015.10:g.42408323A>C	0.0	pathogenic		
CAPN3	p.Q638L	NC_000015.10:g.42408323A>T	0.0	vus		
CAPN3	p.P639T	NC_000015.10:g.42409303C>A	0.0	vus		
CAPN3	p.P641L	NC_000015.10:g.42409310C>T	0.0	vus		
CAPN3	p.S643R	NC_000015.10:g.42409315A>C	0.0	vus		
CAPN3	p.D645N	NC_000015.10:g.42409321G>A	0.0	vus		
CAPN3	p.Q646*	NC_000015.10:g.42409324C>T	0.0	pathogenic		
CAPN3	p.E647K	NC_000015.10:g.42409327G>A	0.0	vus		
CAPN3	p.E647*	NC_000015.10:g.42409327G>T	0.0	pathogenic		
CAPN3	p.S648G	NC_000015.10:g.42409330A>G	0.0	vus		
CAPN3	p.E649K	NC_000015.10:g.42409333G>A	0.0	vus		
CAPN3	p.E650*	NC_000015.10:g.42409336G>T	0.0	pathogenic		
CAPN3	p.Q651K	NC_000015.10:g.42409339C>A	0.0	vus		
CAPN3	p.Q651*	NC_000015.10:g.42409339C>T	0.0	pathogenic		
CAPN3	p.Q652*	NC_000015.10:g.42409342C>T	0.0	pathogenic		
CAPN3	p.Q653*	NC_000015.10:g.42409345C>T	0.0	pathogenic		
CAPN3	p.R655W	NC_000015.10:g.42409351C>T	0.0	vus		
CAPN3	p.R655Q	NC_000015.10:g.42409352G>A	0.0	vus		
CAPN3	p.Q660*	NC_000015.10:g.42409366C>T	0.0	pathogenic		
CAPN3	p.Q660R	NC_000015.10:g.42409367A>G	0.0	vus		
CAPN3	p.I661K	NC_000015.10:g.42409370T>A	0.0	vus		
CAPN3	p.I661T	NC_000015.10:g.42409370T>C	0.0	vus		
CAPN3	p.A662P	NC_000015.10:g.42409372G>C	0.0	vus		
CAPN3	p.A662S	NC_000015.10:g.42409372G>T	0.0	vus		
CAPN3	p.A662V	NC_000015.10:g.42409373C>T	0.0	vus		
CAPN3	p.G663E	NC_000015.10:g.42409376G>A	0.0	vus		
CAPN3	p.D665Y	NC_000015.10:g.42409787G>T	0.0	vus		
CAPN3	p.M666L	NC_000015.10:g.42409790A>C	0.0	vus		
CAPN3	p.M666K	NC_000015.10:g.42409791T>A	0.0	vus		
CAPN3	p.M666T	NC_000015.10:g.42409791T>C	0.0	vus		
CAPN3	p.E667*	NC_000015.10:g.42409793G>T	0.0	pathogenic		
CAPN3	p.C669*	NC_000015.10:g.42409801T>A	0.0	pathogenic		
CAPN3	p.A670T	NC_000015.10:g.42409802G>A	0.0	vus		
CAPN3	p.A670E	NC_000015.10:g.42409803C>A	0.0	vus		
CAPN3	p.E672*	NC_000015.10:g.42409808G>T	0.0	pathogenic		
CAPN3	p.N678D	NC_000015.10:g.42409826A>G	0.0	vus		
CAPN3	p.N678S	NC_000015.10:g.42409827A>G	0.0	vus		
CAPN3	p.N678I	NC_000015.10:g.42409827A>T	0.0	vus		
CAPN3	p.V681M	NC_000015.10:g.42409835G>A	0.0	vus		
CAPN3	p.V681A	NC_000015.10:g.42409836T>C	0.0	vus		
CAPN3	p.K683*	NC_000015.10:g.42409841A>T	0.0	pathogenic		
CAPN3	p.H684Y	NC_000015.10:g.42409844C>T	0.0	vus		
CAPN3	p.D686E	NC_000015.10:g.42409938C>G	0.0	vus		
CAPN3	p.T689I	NC_000015.10:g.42409946C>T	0.0	vus		
CAPN3	p.H690D	NC_000015.10:g.42409948C>G	0.0	vus		
CAPN3	p.G691R	NC_000015.10:g.42409951G>A	0.0	other		
CAPN3	p.G691R	NC_000015.10:g.42409951G>C	0.0	vus		
CAPN3	p.L694V	NC_000015.10:g.42409960C>G	0.0	vus		
CAPN3	p.L694R	NC_000015.10:g.42409961T>G	0.0	vus		
CAPN3	p.E695K	NC_000015.10:g.42409963G>A	0.0	vus		
CAPN3	p.E695*	NC_000015.10:g.42409963G>T	0.0	pathogenic		
CAPN3	p.C697Y	NC_000015.10:g.42409970G>A	0.0	vus		
CAPN3	p.C697S	NC_000015.10:g.42409970G>C	0.0	vus		
CAPN3	p.R698C	NC_000015.10:g.42409972C>T	0.0	other		
CAPN3	p.R698H	NC_000015.10:g.42409973G>A	0.0	other		
CAPN3	p.S699G	NC_000015.10:g.42409975A>G	0.0	vus		
CAPN3	p.S699N	NC_000015.10:g.42409976G>A	0.0	vus		
CAPN3	p.M700K	NC_000015.10:g.42409979T>A	0.0	vus		
CAPN3	p.M700T	NC_000015.10:g.42409979T>C	0.0	vus		
CAPN3	p.I701T	NC_000015.10:g.42409982T>C	0.0	vus		
CAPN3	p.A702V	NC_000015.10:g.42409985C>T	0.0	pathogenic		
CAPN3	p.L703F	NC_000015.10:g.42409987C>T	0.0	vus		
CAPN3	p.M704T	NC_000015.10:g.42409991T>C	0.0	vus		
CAPN3	p.T706A	NC_000015.10:g.42410428A>G	0.0	vus		
CAPN3	p.T706K	NC_000015.10:g.42410429C>A	0.0	other		
CAPN3	p.T706R	NC_000015.10:g.42410429C>G	0.0	vus		
CAPN3	p.D707H	NC_000015.10:g.42410431G>C	0.0	other		
CAPN3	p.D707G	NC_000015.10:g.42410432A>G	0.0	pathogenic		
CAPN3	p.S709P	NC_000015.10:g.42410437T>C	0.0	vus		
CAPN3	p.G710E	NC_000015.10:g.42410441G>A	0.0	vus		
CAPN3	p.L712F	NC_000015.10:g.42410446C>T	0.0	pathogenic		
CAPN3	p.N713D	NC_000015.10:g.42410449A>G	0.0	vus		
CAPN3	p.N713T	NC_000015.10:g.42410450A>C	0.0	vus		
CAPN3	p.L714P	NC_000015.10:g.42410453T>C	0.0	vus		
CAPN3	p.E716D	NC_000015.10:g.42410460G>T	0.0	pathogenic		
CAPN3	p.F717Y	NC_000015.10:g.42410462T>A	0.0	vus		
CAPN3	p.F717S	NC_000015.10:g.42410462T>C	0.0	vus		
CAPN3	p.F717C	NC_000015.10:g.42410462T>G	0.0	vus		
CAPN3	p.H718Y	NC_000015.10:g.42410464C>T	0.0	vus		
CAPN3	p.H718Q	NC_000015.10:g.42410466C>A	0.0	vus		
CAPN3	p.H719P	NC_000015.10:g.42410468A>C	0.0	vus		
CAPN3	p.W721R	NC_000015.10:g.42410473T>C	0.0	vus		
CAPN3	p.W721*	NC_000015.10:g.42410474G>A	0.0	pathogenic		
CAPN3	p.W721*	NC_000015.10:g.42410475G>A	0.0	pathogenic		
CAPN3	p.K725E	NC_000015.10:g.42410485A>G	0.0	vus		
CAPN3	p.A726S	NC_000015.10:g.42410488G>T	0.0	vus		
CAPN3	p.A726V	NC_000015.10:g.42410489C>T	0.0	vus		
CAPN3	p.Q728*	NC_000015.10:g.42410494C>T	0.0	pathogenic		
CAPN3	p.K732T	NC_000015.10:g.42410598A>C	0.0	vus		
CAPN3	p.Y734H	NC_000015.10:g.42410603T>C	0.0	vus		
CAPN3	p.D735H	NC_000015.10:g.42410606G>C	0.0	vus		
CAPN3	p.D737N	NC_000015.10:g.42410612G>A	0.0	other		
CAPN3	p.Q738*	NC_000015.10:g.42410615C>T	0.0	pathogenic		
CAPN3	p.S739P	NC_000015.10:g.42410618T>C	0.0	vus		
CAPN3	p.G740S	NC_000015.10:g.42410621G>A	0.0	vus		
CAPN3	p.G740D	NC_000015.10:g.42410622G>A	0.0	vus		
CAPN3	p.I742V	NC_000015.10:g.42410627A>G	0.0	vus		
CAPN3	p.I742T	NC_000015.10:g.42410628T>C	0.0	vus		
CAPN3	p.S744G	NC_000015.10:g.42410633A>G	0.0	pathogenic		
CAPN3	p.S744N	NC_000015.10:g.42410634G>A	0.0	vus		
CAPN3	p.S744T	NC_000015.10:g.42410634G>C	0.0	other		
CAPN3	p.Y745*	NC_000015.10:g.42410638C>A	0.0	pathogenic		
CAPN3	p.Y745*	NC_000015.10:g.42410638C>G	0.0	pathogenic		
CAPN3	p.E746K	NC_000015.10:g.42410639G>A	0.0	vus		
CAPN3	p.E746Q	NC_000015.10:g.42410639G>C	0.0	vus		
CAPN3	p.E746*	NC_000015.10:g.42410639G>T	0.0	pathogenic		
CAPN3	p.E746D	NC_000015.10:g.42410641G>T	0.0	vus		
CAPN3	p.R748G	NC_000015.10:g.42410645C>G	0.0	pathogenic		
CAPN3	p.R748*	NC_000015.10:g.42410645C>T	0.0	pathogenic		
CAPN3	p.R748Q	NC_000015.10:g.42410646G>A	0.0	pathogenic		
CAPN3	p.R748L	NC_000015.10:g.42410646G>T	0.0	vus		
CAPN3	p.N749H	NC_000015.10:g.42410648A>C	0.0	vus		
CAPN3	p.A750V	NC_000015.10:g.42410652C>T	0.0	vus		
CAPN3	p.D753N	NC_000015.10:g.42410660G>A	0.0	other		
CAPN3	p.A754T	NC_000015.10:g.42410663G>A	0.0	vus		
CAPN3	p.G755R	NC_000015.10:g.42410666G>A	0.0	pathogenic		
CAPN3	p.G755E	NC_000015.10:g.42410884G>A	0.0	vus		
CAPN3	p.H757Y	NC_000015.10:g.42410889C>T	0.0	other		
CAPN3	p.L758F	NC_000015.10:g.42410892C>T	0.0	vus		
CAPN3	p.Q761*	NC_000015.10:g.42410901C>T	0.0	pathogenic		
CAPN3	p.Q761P	NC_000015.10:g.42410902A>C	0.0	vus		
CAPN3	p.Q761H	NC_000015.10:g.42410903G>C	0.0	vus		
CAPN3	p.L762F	NC_000015.10:g.42410904C>T	0.0	vus		
CAPN3	p.Y763C	NC_000015.10:g.42410908A>G	0.0	pathogenic		
CAPN3	p.Y763*	NC_000015.10:g.42410909T>G	0.0	other		
CAPN3	p.D764N	NC_000015.10:g.42410910G>A	0.0	vus		
CAPN3	p.I765V	NC_000015.10:g.42410913A>G	0.0	vus		
CAPN3	p.I765N	NC_000015.10:g.42410914T>A	0.0	vus		
CAPN3	p.I765T	NC_000015.10:g.42410914T>C	0.0	vus		
CAPN3	p.T767I	NC_000015.10:g.42410920C>T	0.0	vus		
CAPN3	p.M768V	NC_000015.10:g.42410922A>G	0.0	vus		
CAPN3	p.R769W	NC_000015.10:g.42410925C>T	0.0	pathogenic		
CAPN3	p.R769Q	NC_000015.10:g.42410926G>A	0.0	pathogenic		
CAPN3	p.R769P	NC_000015.10:g.42410926G>C	0.0	other		
CAPN3	p.R769L	NC_000015.10:g.42410926G>T	0.0	other		
CAPN3	p.Y770D	NC_000015.10:g.42410928T>G	0.0	vus		
CAPN3	p.Y770C	NC_000015.10:g.42410929A>G	0.0	pathogenic		
CAPN3	p.A771T	NC_000015.10:g.42410931G>A	0.0	other		
CAPN3	p.A771V	NC_000015.10:g.42410932C>T	0.0	pathogenic		
CAPN3	p.D772N	NC_000015.10:g.42410934G>A	0.0	vus		
CAPN3	p.N776S	NC_000015.10:g.42410947A>G	0.0	pathogenic		
CAPN3	p.I777V	NC_000015.10:g.42410949A>G	0.0	vus		
CAPN3	p.I777T	NC_000015.10:g.42410950T>C	0.0	pathogenic		
CAPN3	p.I777M	NC_000015.10:g.42410951C>G	0.0	vus		
CAPN3	p.D778N	NC_000015.10:g.42410952G>A	0.0	benign		
CAPN3	p.D780H	NC_000015.10:g.42410958G>C	0.0	pathogenic		
CAPN3	p.F782S	NC_000015.10:g.42410965T>C	0.0	vus		
CAPN3	p.I783S	NC_000015.10:g.42410968T>G	0.0	vus		
CAPN3	p.V787I	NC_000015.10:g.42410979G>A	0.0	vus		
CAPN3	p.R788K	NC_000015.10:g.42410983G>A	0.0	vus		
CAPN3	p.R788M	NC_000015.10:g.42410983G>T	0.0	vus		
CAPN3	p.G791D	NC_000015.10:g.42410992G>A	0.0	vus		
CAPN3	p.M792K	NC_000015.10:g.42410995T>A	0.0	other		
CAPN3	p.M792T	NC_000015.10:g.42410995T>C	0.0	vus		
CAPN3	p.R794*	NC_000015.10:g.42411000A>T	0.0	pathogenic		
CAPN3	p.A795D	NC_000015.10:g.42411290C>A	0.0	vus		
CAPN3	p.A795G	NC_000015.10:g.42411290C>G	0.0	vus		
CAPN3	p.F796S	NC_000015.10:g.42411293T>C	0.0	vus		
CAPN3	p.H797R	NC_000015.10:g.42411296A>G	0.0	vus		
CAPN3	p.A798T	NC_000015.10:g.42411298G>A	0.0	vus		
CAPN3	p.A798P	NC_000015.10:g.42411298G>C	0.0	vus		
CAPN3	p.A798E	NC_000015.10:g.42411299C>A	0.0	pathogenic		
CAPN3	p.I806S	NC_000015.10:g.42411323T>G	0.0	vus		
CAPN3	p.K808N	NC_000015.10:g.42411330G>C	0.0	vus		
CAPN3	p.L809F	NC_000015.10:g.42411331C>T	0.0	vus		
CAPN3	p.N810T	NC_000015.10:g.42411335A>C	0.0	vus		
CAPN3	p.N810S	NC_000015.10:g.42411335A>G	0.0	vus		
CAPN3	p.V811I	NC_000015.10:g.42411337G>A	0.0	vus		
CAPN3	p.V811L	NC_000015.10:g.42411337G>C	0.0	vus		
CAPN3	p.W814R	NC_000015.10:g.42411747T>C	0.0	vus		
CAPN3	p.W814*	NC_000015.10:g.42411748G>A	0.0	pathogenic		
CAPN3	p.W814*	NC_000015.10:g.42411749G>A	0.0	pathogenic		
CAPN3	p.W814C	NC_000015.10:g.42411749G>C	0.0	vus		
CAPN3	p.L815V	NC_000015.10:g.42411750C>G	0.0	other		
CAPN3	p.L817F	NC_000015.10:g.42411756C>T	0.0	vus		
CAPN3	p.L817H	NC_000015.10:g.42411757T>A	0.0	vus		
CAPN3	p.Y820N	NC_000015.10:g.42411765T>A	0.0	vus		
CAPN3	p.A821V	NC_000015.10:g.42411769C>T	0.0	vus		
