HGVS	dbSNP	gnomAD frequency	ClinVar_significance	Review_status	genomic_hgvs	protein_change
NM_000000.0(FKRP):c.46755454A>C (p.R2R)		0.0	Likely_benign	criteria_provided,_single_submitter	NC_000019.10:g.46755454C>A	p.R2R
NM_000000.0(FKRP):c.46755459A>C (p.L3L)		0.0	Likely_benign	criteria_provided,_single_submitter	NC_000019.10:g.46755459C>G	p.L3L
NM_000000.0(FKRP):c.46755459A>C (p.L3L)		0.0	Likely_benign	criteria_provided,_multiple_submitters,_no_conflicts	NC_000019.10:g.46755459C>T	p.L3L
NM_000000.0(FKRP):c.46755465A>C (p.R5R)		0.0	Likely_benign	criteria_provided,_multiple_submitters,_no_conflicts	NC_000019.10:g.46755465C>A	p.R5R
NM_000000.0(FKRP):c.46755468A>C (p.C6C)		0.0	Likely_benign	criteria_provided,_multiple_submitters,_no_conflicts	NC_000019.10:g.46755468C>T	p.C6C
NM_000000.0(FKRP):c.46755477A>C (p.A9A)		0.0	Likely_benign	criteria_provided,_single_submitter	NC_000019.10:g.46755477C>T	p.A9A
NM_000000.0(FKRP):c.46755483A>C (p.A11A)		0.0	Likely_benign	criteria_provided,_single_submitter	NC_000019.10:g.46755483G>C	p.A11A
NM_000000.0(FKRP):c.46755495A>C (p.T15T)		0.0	Likely_benign	criteria_provided,_multiple_submitters,_no_conflicts	NC_000019.10:g.46755495C>G	p.T15T
NM_000000.0(FKRP):c.46755495A>C (p.T15T)		0.0	Likely_benign	criteria_provided,_single_submitter	NC_000019.10:g.46755495C>T	p.T15T
NM_000000.0(FKRP):c.46755498A>C (p.L16L)		0.0	Likely_benign	criteria_provided,_single_submitter	NC_000019.10:g.46755498C>T	p.L16L
NM_000000.0(FKRP):c.46755507A>C (p.L19L)		0.0	Likely_benign	criteria_provided,_single_submitter	NC_000019.10:g.46755507G>A	p.L19L
NM_000000.0(FKRP):c.46755510A>C (p.V20V)		0.0	Likely_benign	criteria_provided,_single_submitter	NC_000019.10:g.46755510C>A	p.V20V
NM_000000.0(FKRP):c.46755510A>C (p.V20V)		0.0	Likely_benign	criteria_provided,_single_submitter	NC_000019.10:g.46755510C>G	p.V20V
NM_000000.0(FKRP):c.46755510A>C (p.V20V)		0.0	Likely_benign	criteria_provided,_single_submitter	NC_000019.10:g.46755510C>T	p.V20V
NM_000000.0(FKRP):c.46755513A>C (p.L21L)		0.0	Likely_benign	criteria_provided,_single_submitter	NC_000019.10:g.46755513C>G	p.L21L
NM_000000.0(FKRP):c.46755513A>C (p.L21L)		0.0	Likely_benign	criteria_provided,_single_submitter	NC_000019.10:g.46755513C>T	p.L21L
NM_000000.0(FKRP):c.46755516A>C (p.F22F)		0.0	Likely_benign	criteria_provided,_multiple_submitters,_no_conflicts	NC_000019.10:g.46755516C>T	p.F22F
NM_000000.0(FKRP):c.46755519A>C (p.Y23Y)		0.0	Likely_benign	criteria_provided,_multiple_submitters,_no_conflicts	NC_000019.10:g.46755519T>C	p.Y23Y
NM_000000.0(FKRP):c.46755525A>C (p.S25S)		0.0	Likely_benign	criteria_provided,_multiple_submitters,_no_conflicts	NC_000019.10:g.46755525G>A	p.S25S
NM_000000.0(FKRP):c.46755525A>C (p.S25S)		0.0	Likely_benign	criteria_provided,_single_submitter	NC_000019.10:g.46755525G>C	p.S25S
NM_000000.0(FKRP):c.46755525A>C (p.S25S)		0.0	Likely_benign	criteria_provided,_single_submitter	NC_000019.10:g.46755525G>T	p.S25S
NM_000000.0(FKRP):c.46755529A>C (p.L27L)		0.0	Likely_benign	criteria_provided,_single_submitter	NC_000019.10:g.46755529C>T	p.L27L
NM_000000.0(FKRP):c.46755540A>C (p.Q30Q)		0.0	Likely_benign	criteria_provided,_single_submitter	NC_000019.10:g.46755540G>A	p.Q30Q
NM_000000.0(FKRP):c.46755543A>C (p.P31P)		0.0	Likely_benign	criteria_provided,_single_submitter	NC_000019.10:g.46755543T>C	p.P31P
NM_000000.0(FKRP):c.46755543A>C (p.P31P)		0.0	Likely_benign	criteria_provided,_single_submitter	NC_000019.10:g.46755543T>G	p.P31P
NM_000000.0(FKRP):c.46755555A>C (p.R35R)		0.0	Likely_benign	criteria_provided,_single_submitter	NC_000019.10:g.46755555G>C	p.R35R
NM_000000.0(FKRP):c.46755558A>C (p.A36A)		0.0	Likely_benign	criteria_provided,_multiple_submitters,_no_conflicts	NC_000019.10:g.46755558C>T	p.A36A
NM_000000.0(FKRP):c.46755561A>C (p.R37R)		0.0	Likely_benign	criteria_provided,_multiple_submitters,_no_conflicts	NC_000019.10:g.46755561G>A	p.R37R
NM_000000.0(FKRP):c.46755564A>C (p.G38G)		0.0	Likely_benign	criteria_provided,_single_submitter	NC_000019.10:g.46755564G>A	p.G38G
NM_000000.0(FKRP):c.46755564A>C (p.G38G)		0.0	Likely_benign	criteria_provided,_single_submitter	NC_000019.10:g.46755564G>T	p.G38G
NM_000000.0(FKRP):c.46755567A>C (p.P39P)		0.0	Likely_benign	criteria_provided,_single_submitter	NC_000019.10:g.46755567C>G	p.P39P
NM_000000.0(FKRP):c.46755567A>C (p.P39P)		0.0	Likely_benign	criteria_provided,_single_submitter	NC_000019.10:g.46755567C>T	p.P39P
NM_000000.0(FKRP):c.46755576A>C (p.A42A)		0.0	Likely_benign	criteria_provided,_multiple_submitters,_no_conflicts	NC_000019.10:g.46755576C>G	p.A42A
NM_000000.0(FKRP):c.46755585A>C (p.A45A)		0.0	Likely_benign	criteria_provided,_multiple_submitters,_no_conflicts	NC_000019.10:g.46755585C>A	p.A45A
NM_000000.0(FKRP):c.46755585A>C (p.A45A)		0.0	Likely_benign	criteria_provided,_single_submitter	NC_000019.10:g.46755585C>G	p.A45A
NM_000000.0(FKRP):c.46755585A>C (p.A45A)		0.0	Benign	criteria_provided,_multiple_submitters,_no_conflicts	NC_000019.10:g.46755585C>T	p.A45A
NM_000000.0(FKRP):c.46755588A>C (p.G46G)		0.0	Likely_benign	criteria_provided,_single_submitter	NC_000019.10:g.46755588C>T	p.G46G
NM_000000.0(FKRP):c.46755591A>C (p.P47P)		0.0	Likely_benign	criteria_provided,_single_submitter	NC_000019.10:g.46755591C>A	p.P47P
NM_000000.0(FKRP):c.46755591A>C (p.P47P)		0.0	Likely_benign	criteria_provided,_single_submitter	NC_000019.10:g.46755591C>G	p.P47P
NM_000000.0(FKRP):c.46755600A>C (p.T50T)		0.0	Likely_benign	criteria_provided,_single_submitter	NC_000019.10:g.46755600C>T	p.T50T
NM_000000.0(FKRP):c.46755612A>C (p.R54R)		0.0	Likely_benign	criteria_provided,_single_submitter	NC_000019.10:g.46755612G>A	p.R54R
NM_000000.0(FKRP):c.46755618A>C (p.F56F)		0.0	Likely_benign	criteria_provided,_multiple_submitters,_no_conflicts	NC_000019.10:g.46755618C>T	p.F56F
NM_000000.0(FKRP):c.46755627A>C (p.F59F)		0.0	Likely_benign	criteria_provided,_single_submitter	NC_000019.10:g.46755627T>C	p.F59F
NM_000000.0(FKRP):c.46755636A>C (p.A62A)		0.0	Likely_benign	criteria_provided,_single_submitter	NC_000019.10:g.46755636G>A	p.A62A
NM_000000.0(FKRP):c.46755636A>C (p.A62A)		0.0	Likely_benign	criteria_provided,_single_submitter	NC_000019.10:g.46755636G>C	p.A62A
NM_000000.0(FKRP):c.46755636A>C (p.A62A)		0.0	Likely_benign	criteria_provided,_single_submitter	NC_000019.10:g.46755636G>T	p.A62A
NM_000000.0(FKRP):c.46755642A>C (p.P64P)		0.0	Likely_benign	criteria_provided,_single_submitter	NC_000019.10:g.46755642C>G	p.P64P
NM_000000.0(FKRP):c.46755642A>C (p.P64P)		0.0	Benign	criteria_provided,_multiple_submitters,_no_conflicts	NC_000019.10:g.46755642C>T	p.P64P
NM_000000.0(FKRP):c.46755648A>C (p.L66L)		0.0	Likely_benign	criteria_provided,_single_submitter	NC_000019.10:g.46755648G>A	p.L66L
NM_000000.0(FKRP):c.46755651A>C (p.V67V)		0.0	Likely_benign	criteria_provided,_single_submitter	NC_000019.10:g.46755651A>G	p.V67V
NM_000000.0(FKRP):c.46755660A>C (p.F70F)		0.0	Likely_benign	criteria_provided,_multiple_submitters,_no_conflicts	NC_000019.10:g.46755660C>T	p.F70F
NM_000000.0(FKRP):c.46755661A>C (p.L71L)		0.0	Likely_benign	criteria_provided,_multiple_submitters,_no_conflicts	NC_000019.10:g.46755661C>T	p.L71L
NM_000000.0(FKRP):c.46755666A>C (p.Q72Q)		0.0	Likely_benign	criteria_provided,_single_submitter	NC_000019.10:g.46755666G>A	p.Q72Q
NM_000000.0(FKRP):c.46755675A>C (p.P75P)		0.0	Likely_benign	criteria_provided,_single_submitter	NC_000019.10:g.46755675A>T	p.P75P
NM_000000.0(FKRP):c.46755678A>C (p.A76A)		0.0	Likely_benign	criteria_provided,_single_submitter	NC_000019.10:g.46755678C>A	p.A76A
NM_000000.0(FKRP):c.46755678A>C (p.A76A)		0.0	Likely_benign	criteria_provided,_single_submitter	NC_000019.10:g.46755678C>T	p.A76A
NM_000000.0(FKRP):c.46755681A>C (p.Q77Q)		0.0	Likely_benign	criteria_provided,_single_submitter	NC_000019.10:g.46755681G>A	p.Q77Q
NM_000000.0(FKRP):c.46755687A>C (p.V79V)		0.0	Likely_benign	criteria_provided,_single_submitter	NC_000019.10:g.46755687G>A	p.V79V
NM_000000.0(FKRP):c.46755690A>C (p.V80V)		0.0	Likely_benign	criteria_provided,_single_submitter	NC_000019.10:g.46755690G>A	p.V80V
NM_000000.0(FKRP):c.46755690A>C (p.V80V)		0.0	Likely_benign	criteria_provided,_multiple_submitters,_no_conflicts	NC_000019.10:g.46755690G>C	p.V80V
NM_000000.0(FKRP):c.46755696A>C (p.A82A)		0.0	Likely_benign	criteria_provided,_single_submitter	NC_000019.10:g.46755696A>T	p.A82A
NM_000000.0(FKRP):c.46755699A>C (p.A83A)		0.0	Benign/Likely_benign	criteria_provided,_multiple_submitters,_no_conflicts	NC_000019.10:g.46755699C>T	p.A83A
NM_000000.0(FKRP):c.46755702A>C (p.D84D)		0.0	Likely_benign	criteria_provided,_single_submitter	NC_000019.10:g.46755702C>T	p.D84D
NM_000000.0(FKRP):c.46755705A>C (p.T85T)		0.0	Likely_benign	criteria_provided,_single_submitter	NC_000019.10:g.46755705G>C	p.T85T
NM_000000.0(FKRP):c.46755714A>C (p.Y88Y)		0.0	Likely_benign	criteria_provided,_single_submitter	NC_000019.10:g.46755714C>T	p.Y88Y
NM_000000.0(FKRP):c.46755717A>C (p.P89P)		0.0	Likely_benign	criteria_provided,_single_submitter	NC_000019.10:g.46755717G>A	p.P89P
NM_000000.0(FKRP):c.46755717A>C (p.P89P)		0.0	Likely_benign	criteria_provided,_single_submitter	NC_000019.10:g.46755717G>T	p.P89P
NM_000000.0(FKRP):c.46755720A>C (p.P90P)		0.0	Likely_benign	criteria_provided,_single_submitter	NC_000019.10:g.46755720C>A	p.P90P
NM_000000.0(FKRP):c.46755720A>C (p.P90P)		0.0	Likely_benign	criteria_provided,_single_submitter	NC_000019.10:g.46755720C>T	p.P90P
NM_000000.0(FKRP):c.46755723A>C (p.L91L)		0.0	Likely_benign	criteria_provided,_single_submitter	NC_000019.10:g.46755723G>A	p.L91L
NM_000000.0(FKRP):c.46755732A>C (p.P94P)		0.0	Likely_benign	criteria_provided,_single_submitter	NC_000019.10:g.46755732C>G	p.P94P
NM_000000.0(FKRP):c.46755744A>C (p.N98N)		0.0	Likely_benign	criteria_provided,_single_submitter	NC_000019.10:g.46755744C>T	p.N98N
NM_000000.0(FKRP):c.46755762A>C (p.L104L)		0.0	Likely_benign	criteria_provided,_single_submitter	NC_000019.10:g.46755762C>G	p.L104L
NM_000000.0(FKRP):c.46755762A>C (p.L104L)		0.0	Likely_benign	criteria_provided,_single_submitter	NC_000019.10:g.46755762C>T	p.L104L
NM_000000.0(FKRP):c.46755768A>C (p.P106P)		0.0	Likely_benign	criteria_provided,_single_submitter	NC_000019.10:g.46755768C>A	p.P106P
NM_000000.0(FKRP):c.46755771A>C (p.A107A)		0.0	Likely_benign	criteria_provided,_single_submitter	NC_000019.10:g.46755771C>T	p.A107A
NM_000000.0(FKRP):c.46755774A>C (p.L108L)		0.0	Likely_benign	criteria_provided,_single_submitter	NC_000019.10:g.46755774G>A	p.L108L
NM_000000.0(FKRP):c.46755777A>C (p.D109D)		0.0	Likely_benign	criteria_provided,_single_submitter	NC_000019.10:g.46755777C>T	p.D109D
NM_000000.0(FKRP):c.46755780A>C (p.R110R)		0.0	Likely_benign	criteria_provided,_single_submitter	NC_000019.10:g.46755780G>T	p.R110R
NM_000000.0(FKRP):c.46755783A>C (p.P111P)		0.0	Likely_benign	criteria_provided,_single_submitter	NC_000019.10:g.46755783A>C	p.P111P
NM_000000.0(FKRP):c.46755786A>C (p.A112A)		0.0	Likely_benign	criteria_provided,_single_submitter	NC_000019.10:g.46755786C>G	p.A112A
NM_000000.0(FKRP):c.46755789A>C (p.A113A)		0.0	Likely_benign	criteria_provided,_single_submitter	NC_000019.10:g.46755789A>G	p.A113A
NM_000000.0(FKRP):c.46755795A>C (p.S115S)		0.0	Likely_benign	criteria_provided,_multiple_submitters,_no_conflicts	NC_000019.10:g.46755795G>A	p.S115S
NM_000000.0(FKRP):c.46755798A>C (p.R116R)		0.0	Likely_benign	criteria_provided,_multiple_submitters,_no_conflicts	NC_000019.10:g.46755798C>G	p.R116R
NM_000000.0(FKRP):c.46755801A>C (p.P117P)		0.0	Likely_benign	criteria_provided,_single_submitter	NC_000019.10:g.46755801G>A	p.P117P
NM_000000.0(FKRP):c.46755807A>C (p.T119T)		0.0	Likely_benign	criteria_provided,_multiple_submitters,_no_conflicts	NC_000019.10:g.46755807C>G	p.T119T
NM_000000.0(FKRP):c.46755810A>C (p.Y120Y)		0.0	Likely_benign	criteria_provided,_multiple_submitters,_no_conflicts	NC_000019.10:g.46755810C>T	p.Y120Y
NM_000000.0(FKRP):c.46755813A>C (p.V121V)		0.0	Likely_benign	criteria_provided,_single_submitter	NC_000019.10:g.46755813G>A	p.V121V
NM_000000.0(FKRP):c.46755819A>C (p.T123T)		0.0	Likely_benign	criteria_provided,_single_submitter	NC_000019.10:g.46755819C>G	p.T123T
NM_000000.0(FKRP):c.46755825A>C (p.F125F)		0.0	Likely_benign	criteria_provided,_single_submitter	NC_000019.10:g.46755825T>C	p.F125F
NM_000000.0(FKRP):c.46755834A>C (p.L128L)		0.0	Likely_benign	criteria_provided,_single_submitter	NC_000019.10:g.46755834A>G	p.L128L
NM_000000.0(FKRP):c.46755837A>C (p.V129V)		0.0	Likely_benign	criteria_provided,_single_submitter	NC_000019.10:g.46755837A>G	p.V129V
NM_000000.0(FKRP):c.46755840A>C (p.P130P)		0.0	Likely_benign	criteria_provided,_single_submitter	NC_000019.10:g.46755840T>C	p.P130P
NM_000000.0(FKRP):c.46755840A>C (p.P130P)		0.0	Likely_benign	criteria_provided,_single_submitter	NC_000019.10:g.46755840T>G	p.P130P
NM_000000.0(FKRP):c.46755846A>C (p.G132G)		0.0	Likely_benign	criteria_provided,_single_submitter	NC_000019.10:g.46755846G>A	p.G132G
NM_000000.0(FKRP):c.46755849A>C (p.A133A)		0.0	Likely_benign	criteria_provided,_single_submitter	NC_000019.10:g.46755849G>T	p.A133A
NM_000000.0(FKRP):c.46755861A>C (p.A137A)		0.0	Likely_benign	criteria_provided,_single_submitter	NC_000019.10:g.46755861A>C	p.A137A
NM_000000.0(FKRP):c.46755864A>C (p.P138P)		0.0	Likely_benign	criteria_provided,_single_submitter	NC_000019.10:g.46755864T>C	p.P138P
NM_000000.0(FKRP):c.46755870A>C (p.L140L)		0.0	Likely_benign	criteria_provided,_single_submitter	NC_000019.10:g.46755870G>A	p.L140L
NM_000000.0(FKRP):c.46755873A>C (p.L141L)		0.0	Likely_benign	criteria_provided,_single_submitter	NC_000019.10:g.46755873G>C	p.L141L
NM_000000.0(FKRP):c.46755877A>C (p.R143S)		0.0	Benign/Likely_benign	criteria_provided,_multiple_submitters,_no_conflicts	NC_000019.10:g.46755877C>A	p.R143S
NM_000000.0(FKRP):c.46755885A>C (p.V145V)		0.0	Likely_benign	criteria_provided,_multiple_submitters,_no_conflicts	NC_000019.10:g.46755885G>A	p.V145V
NM_000000.0(FKRP):c.46755888A>C (p.E146E)		0.0	Likely_benign	criteria_provided,_single_submitter	NC_000019.10:g.46755888G>A	p.E146E
NM_000000.0(FKRP):c.46755891A>C (p.A147A)		0.0	Likely_benign	criteria_provided,_single_submitter	NC_000019.10:g.46755891G>A	p.A147A
NM_000000.0(FKRP):c.46755891A>C (p.A147A)		0.0	Likely_benign	criteria_provided,_single_submitter	NC_000019.10:g.46755891G>T	p.A147A
NM_000000.0(FKRP):c.46755894A>C (p.L148L)		0.0	Likely_benign	criteria_provided,_single_submitter	NC_000019.10:g.46755894C>T	p.L148L
NM_000000.0(FKRP):c.46755906A>C (p.S152S)		0.0	Likely_benign	criteria_provided,_multiple_submitters,_no_conflicts	NC_000019.10:g.46755906C>T	p.S152S
NM_000000.0(FKRP):c.46755921A>C (p.A157A)		0.0	Likely_benign	criteria_provided,_multiple_submitters,_no_conflicts	NC_000019.10:g.46755921C>A	p.A157A
NM_000000.0(FKRP):c.46755921A>C (p.A157A)		0.0	Likely_benign	criteria_provided,_multiple_submitters,_no_conflicts	NC_000019.10:g.46755921C>T	p.A157A
NM_000000.0(FKRP):c.46755924A>C (p.A158A)		0.0	Likely_benign	criteria_provided,_single_submitter	NC_000019.10:g.46755924C>A	p.A158A
NM_000000.0(FKRP):c.46755924A>C (p.A158A)		0.0	Likely_benign	criteria_provided,_single_submitter	NC_000019.10:g.46755924C>G	p.A158A
NM_000000.0(FKRP):c.46755927A>C (p.P159P)		0.0	Likely_benign	criteria_provided,_single_submitter	NC_000019.10:g.46755927G>A	p.P159P
NM_000000.0(FKRP):c.46755927A>C (p.P159P)		0.0	Likely_benign	criteria_provided,_single_submitter	NC_000019.10:g.46755927G>C	p.P159P
NM_000000.0(FKRP):c.46755936A>C (p.T162T)		0.0	Likely_benign	criteria_provided,_multiple_submitters,_no_conflicts	NC_000019.10:g.46755936G>A	p.T162T
NM_000000.0(FKRP):c.46755948A>C (p.A166A)		0.0	Likely_benign	criteria_provided,_single_submitter	NC_000019.10:g.46755948C>T	p.A166A
NM_000000.0(FKRP):c.46755951A>C (p.R167R)		0.0	Likely_benign	criteria_provided,_multiple_submitters,_no_conflicts	NC_000019.10:g.46755951G>A	p.R167R
NM_000000.0(FKRP):c.46755961A>C (p.L171L)		0.0	Likely_benign	criteria_provided,_single_submitter	NC_000019.10:g.46755961C>T	p.L171L
NM_000000.0(FKRP):c.46755966A>C (p.N172N)		0.0	Likely_benign	criteria_provided,_multiple_submitters,_no_conflicts	NC_000019.10:g.46755966C>T	p.N172N
NM_000000.0(FKRP):c.46755970A>C (p.S174C)		0.0	Benign/Likely_benign	criteria_provided,_multiple_submitters,_no_conflicts	NC_000019.10:g.46755970A>T	p.S174C
NM_000000.0(FKRP):c.46755972A>C (p.S174S)		0.0	Likely_benign	criteria_provided,_single_submitter	NC_000019.10:g.46755972C>T	p.S174S
NM_000000.0(FKRP):c.46755975A>C (p.L175L)		0.0	Likely_benign	criteria_provided,_single_submitter	NC_000019.10:g.46755975G>A	p.L175L
NM_000000.0(FKRP):c.46755975A>C (p.L175L)		0.0	Likely_benign	criteria_provided,_single_submitter	NC_000019.10:g.46755975G>T	p.L175L
NM_000000.0(FKRP):c.46755976A>C (p.R176R)		0.0	Likely_benign	criteria_provided,_single_submitter	NC_000019.10:g.46755976C>A	p.R176R
NM_000000.0(FKRP):c.46755987A>C (p.T179T)		0.0	Likely_benign	criteria_provided,_multiple_submitters,_no_conflicts	NC_000019.10:g.46755987C>G	p.T179T
NM_000000.0(FKRP):c.46755987A>C (p.T179T)		0.0	Likely_benign	criteria_provided,_single_submitter	NC_000019.10:g.46755987C>T	p.T179T
NM_000000.0(FKRP):c.46755990A>C (p.A180A)		0.0	Likely_benign	criteria_provided,_multiple_submitters,_no_conflicts	NC_000019.10:g.46755990C>T	p.A180A
NM_000000.0(FKRP):c.46755999A>C (p.G183G)		0.0	Likely_benign	criteria_provided,_single_submitter	NC_000019.10:g.46755999C>T	p.G183G
NM_000000.0(FKRP):c.46756005A>C (p.A185A)		0.0	Likely_benign	criteria_provided,_single_submitter	NC_000019.10:g.46756005C>A	p.A185A
NM_000000.0(FKRP):c.46756005A>C (p.A185A)		0.0	Likely_benign	criteria_provided,_single_submitter	NC_000019.10:g.46756005C>G	p.A185A
NM_000000.0(FKRP):c.46756005A>C (p.A185A)		0.0	Likely_benign	criteria_provided,_multiple_submitters,_no_conflicts	NC_000019.10:g.46756005C>T	p.A185A
NM_000000.0(FKRP):c.46756008A>C (p.P186P)		0.0	Likely_benign	criteria_provided,_multiple_submitters,_no_conflicts	NC_000019.10:g.46756008C>A	p.P186P
NM_000000.0(FKRP):c.46756008A>C (p.P186P)		0.0	Likely_benign	criteria_provided,_single_submitter	NC_000019.10:g.46756008C>G	p.P186P
NM_000000.0(FKRP):c.46756011A>C (p.A187A)		0.0	Likely_benign	criteria_provided,_single_submitter	NC_000019.10:g.46756011C>A	p.A187A
NM_000000.0(FKRP):c.46756011A>C (p.A187A)		0.0	Likely_benign	criteria_provided,_single_submitter	NC_000019.10:g.46756011C>G	p.A187A
NM_000000.0(FKRP):c.46756011A>C (p.A187A)		0.0	Likely_benign	criteria_provided,_single_submitter	NC_000019.10:g.46756011C>T	p.A187A
NM_000000.0(FKRP):c.46756017A>C (p.P189P)		0.0	Likely_benign	criteria_provided,_single_submitter	NC_000019.10:g.46756017C>G	p.P189P
NM_000000.0(FKRP):c.46756023A>C (p.C191C)		0.0	Likely_benign	criteria_provided,_multiple_submitters,_no_conflicts	NC_000019.10:g.46756023C>T	p.C191C
NM_000000.0(FKRP):c.46756026A>C (p.D192D)		0.0	Likely_benign	criteria_provided,_single_submitter	NC_000019.10:g.46756026C>T	p.D192D
NM_000000.0(FKRP):c.46756032A>C (p.L194L)		0.0	Likely_benign	criteria_provided,_multiple_submitters,_no_conflicts	NC_000019.10:g.46756032G>A	p.L194L
NM_000000.0(FKRP):c.46756032A>C (p.L194L)		0.0	Likely_benign	criteria_provided,_single_submitter	NC_000019.10:g.46756032G>C	p.L194L
NM_000000.0(FKRP):c.46756032A>C (p.L194L)		0.0	Likely_benign	criteria_provided,_single_submitter	NC_000019.10:g.46756032G>T	p.L194L
NM_000000.0(FKRP):c.46756035A>C (p.D195D)		0.0	Benign/Likely_benign	criteria_provided,_multiple_submitters,_no_conflicts	NC_000019.10:g.46756035C>T	p.D195D
NM_000000.0(FKRP):c.46756038A>C (p.G196G)		0.0	Likely_benign	criteria_provided,_single_submitter	NC_000019.10:g.46756038A>G	p.G196G
NM_000000.0(FKRP):c.46756041A>C (p.D197D)		0.0	Likely_benign	criteria_provided,_single_submitter	NC_000019.10:g.46756041T>C	p.D197D
NM_000000.0(FKRP):c.46756044A>C (p.A198A)		0.0	Likely_benign	criteria_provided,_multiple_submitters,_no_conflicts	NC_000019.10:g.46756044T>G	p.A198A
NM_000000.0(FKRP):c.46756047A>C (p.V199V)		0.0	Likely_benign	criteria_provided,_single_submitter	NC_000019.10:g.46756047G>A	p.V199V
NM_000000.0(FKRP):c.46756047A>C (p.V199V)		0.0	Likely_benign	criteria_provided,_single_submitter	NC_000019.10:g.46756047G>T	p.V199V
NM_000000.0(FKRP):c.46756050A>C (p.V200V)		0.0	Likely_benign	criteria_provided,_single_submitter	NC_000019.10:g.46756050G>A	p.V200V
NM_000000.0(FKRP):c.46756050A>C (p.V200V)		0.0	Likely_benign	criteria_provided,_multiple_submitters,_no_conflicts	NC_000019.10:g.46756050G>T	p.V200V
NM_000000.0(FKRP):c.46756053A>C (p.L201L)		0.0	Likely_benign	criteria_provided,_single_submitter	NC_000019.10:g.46756053C>T	p.L201L
NM_000000.0(FKRP):c.46756059A>C (p.R203R)		0.0	Likely_benign	criteria_provided,_single_submitter	NC_000019.10:g.46756059C>T	p.R203R
NM_000000.0(FKRP):c.46756065A>C (p.R205R)		0.0	Likely_benign	criteria_provided,_single_submitter	NC_000019.10:g.46756065C>A	p.R205R
NM_000000.0(FKRP):c.46756065A>C (p.R205R)		0.0	Likely_benign	criteria_provided,_single_submitter	NC_000019.10:g.46756065C>G	p.R205R
NM_000000.0(FKRP):c.46756068A>C (p.D206D)		0.0	Likely_benign	criteria_provided,_single_submitter	NC_000019.10:g.46756068C>T	p.D206D
NM_000000.0(FKRP):c.46756071A>C (p.L207L)		0.0	Likely_benign	criteria_provided,_single_submitter	NC_000019.10:g.46756071C>G	p.L207L
NM_000000.0(FKRP):c.46756071A>C (p.L207L)		0.0	Likely_benign	criteria_provided,_multiple_submitters,_no_conflicts	NC_000019.10:g.46756071C>T	p.L207L
NM_000000.0(FKRP):c.46756074A>C (p.F208F)		0.0	Likely_benign	criteria_provided,_single_submitter	NC_000019.10:g.46756074C>T	p.F208F
NM_000000.0(FKRP):c.46756083A>C (p.S211S)		0.0	Likely_benign	criteria_provided,_single_submitter	NC_000019.10:g.46756083G>C	p.S211S
NM_000000.0(FKRP):c.46756086A>C (p.A212A)		0.0	Benign/Likely_benign	criteria_provided,_multiple_submitters,_no_conflicts	NC_000019.10:g.46756086G>A	p.A212A
NM_000000.0(FKRP):c.46756089A>C (p.P213P)		0.0	Likely_benign	criteria_provided,_single_submitter	NC_000019.10:g.46756089C>G	p.P213P
NM_000000.0(FKRP):c.46756089A>C (p.P213P)		0.0	Likely_benign	criteria_provided,_single_submitter	NC_000019.10:g.46756089C>T	p.P213P
NM_000000.0(FKRP):c.46756092A>C (p.L214L)		0.0	Likely_benign	criteria_provided,_single_submitter	NC_000019.10:g.46756092G>C	p.L214L
NM_000000.0(FKRP):c.46756098A>C (p.R216R)		0.0	Likely_benign	criteria_provided,_single_submitter	NC_000019.10:g.46756098G>A	p.R216R
NM_000000.0(FKRP):c.46756101A>C (p.P217P)		0.0	Likely_benign	criteria_provided,_multiple_submitters,_no_conflicts	NC_000019.10:g.46756101G>A	p.P217P
NM_000000.0(FKRP):c.46756101A>C (p.P217P)		0.0	Likely_benign	criteria_provided,_multiple_submitters,_no_conflicts	NC_000019.10:g.46756101G>T	p.P217P
NM_000000.0(FKRP):c.46756104A>C (p.V218V)		0.0	Likely_benign	criteria_provided,_single_submitter	NC_000019.10:g.46756104G>A	p.V218V
NM_000000.0(FKRP):c.46756116A>C (p.L222L)		0.0	Likely_benign	criteria_provided,_single_submitter	NC_000019.10:g.46756116C>G	p.L222L
NM_000000.0(FKRP):c.46756116A>C (p.L222L)		0.0	Likely_benign	criteria_provided,_single_submitter	NC_000019.10:g.46756116C>T	p.L222L
NM_000000.0(FKRP):c.46756128A>C (p.T226T)		0.0	Likely_benign	criteria_provided,_single_submitter	NC_000019.10:g.46756128C>G	p.T226T
NM_000000.0(FKRP):c.46756128A>C (p.T226T)		0.0	Likely_benign	criteria_provided,_single_submitter	NC_000019.10:g.46756128C>T	p.T226T
NM_000000.0(FKRP):c.46756137A>C (p.R229R)		0.0	Likely_benign	criteria_provided,_single_submitter	NC_000019.10:g.46756137C>T	p.R229R
NM_000000.0(FKRP):c.46756140A>C (p.G230G)		0.0	Likely_benign	criteria_provided,_single_submitter	NC_000019.10:g.46756140C>T	p.G230G
NM_000000.0(FKRP):c.46756146A>C (p.A232A)		0.0	Likely_benign	criteria_provided,_single_submitter	NC_000019.10:g.46756146G>A	p.A232A
NM_000000.0(FKRP):c.46756149A>C (p.V233V)		0.0	Likely_benign	criteria_provided,_single_submitter	NC_000019.10:g.46756149G>T	p.V233V
NM_000000.0(FKRP):c.46756152A>C (p.Q234Q)		0.0	Likely_benign	criteria_provided,_single_submitter	NC_000019.10:g.46756152G>A	p.Q234Q
NM_000000.0(FKRP):c.46756155A>C (p.L235L)		0.0	Likely_benign	criteria_provided,_single_submitter	NC_000019.10:g.46756155G>C	p.L235L
NM_000000.0(FKRP):c.46756156A>C (p.L236L)		0.0	Likely_benign	criteria_provided,_single_submitter	NC_000019.10:g.46756156C>T	p.L236L
NM_000000.0(FKRP):c.46756158A>C (p.L236L)		0.0	Likely_benign	criteria_provided,_multiple_submitters,_no_conflicts	NC_000019.10:g.46756158G>A	p.L236L
NM_000000.0(FKRP):c.46756164A>C (p.L238L)		0.0	Likely_benign	criteria_provided,_single_submitter	NC_000019.10:g.46756164G>A	p.L238L
NM_000000.0(FKRP):c.46756167A>C (p.T239T)		0.0	Likely_benign	criteria_provided,_single_submitter	NC_000019.10:g.46756167C>G	p.T239T
NM_000000.0(FKRP):c.46756167A>C (p.T239T)		0.0	Likely_benign	criteria_provided,_multiple_submitters,_no_conflicts	NC_000019.10:g.46756167C>T	p.T239T
NM_000000.0(FKRP):c.46756170A>C (p.F240F)		0.0	Likely_benign	criteria_provided,_single_submitter	NC_000019.10:g.46756170C>T	p.F240F
NM_000000.0(FKRP):c.46756173A>C (p.A241A)		0.0	Likely_benign	criteria_provided,_multiple_submitters,_no_conflicts	NC_000019.10:g.46756173C>G	p.A241A
NM_000000.0(FKRP):c.46756188A>C (p.P246P)		0.0	Likely_benign	criteria_provided,_single_submitter	NC_000019.10:g.46756188C>T	p.P246P
NM_000000.0(FKRP):c.46756191A>C (p.P247P)		0.0	Likely_benign	criteria_provided,_multiple_submitters,_no_conflicts	NC_000019.10:g.46756191G>A	p.P247P
NM_000000.0(FKRP):c.46756191A>C (p.P247P)		0.0	Likely_benign	criteria_provided,_single_submitter	NC_000019.10:g.46756191G>T	p.P247P
NM_000000.0(FKRP):c.46756194A>C (p.L248L)		0.0	Likely_benign	criteria_provided,_single_submitter	NC_000019.10:g.46756194G>A	p.L248L
NM_000000.0(FKRP):c.46756200A>C (p.T250T)		0.0	Likely_benign	criteria_provided,_multiple_submitters,_no_conflicts	NC_000019.10:g.46756200G>A	p.T250T
NM_000000.0(FKRP):c.46756200A>C (p.T250T)		0.0	Likely_benign	criteria_provided,_single_submitter	NC_000019.10:g.46756200G>T	p.T250T
NM_000000.0(FKRP):c.46756203A>C (p.A251A)		0.0	Likely_benign	criteria_provided,_single_submitter	NC_000019.10:g.46756203C>A	p.A251A
NM_000000.0(FKRP):c.46756206A>C (p.H252H)		0.0	Likely_benign	criteria_provided,_multiple_submitters,_no_conflicts	NC_000019.10:g.46756206C>T	p.H252H
NM_000000.0(FKRP):c.46756209A>C (p.A253A)		0.0	Likely_benign	criteria_provided,_single_submitter	NC_000019.10:g.46756209G>T	p.A253A
NM_000000.0(FKRP):c.46756221A>C (p.A257A)		0.0	Likely_benign	criteria_provided,_single_submitter	NC_000019.10:g.46756221T>A	p.A257A
NM_000000.0(FKRP):c.46756221A>C (p.A257A)		0.0	Likely_benign	criteria_provided,_single_submitter	NC_000019.10:g.46756221T>C	p.A257A
NM_000000.0(FKRP):c.46756221A>C (p.A257A)		0.0	Likely_benign	criteria_provided,_single_submitter	NC_000019.10:g.46756221T>G	p.A257A
NM_000000.0(FKRP):c.46756224A>C (p.E258E)		0.0	Likely_benign	criteria_provided,_single_submitter	NC_000019.10:g.46756224G>A	p.E258E
NM_000000.0(FKRP):c.46756227A>C (p.R259R)		0.0	Likely_benign	criteria_provided,_single_submitter	NC_000019.10:g.46756227C>G	p.R259R
NM_000000.0(FKRP):c.46756227A>C (p.R259R)		0.0	Likely_benign	criteria_provided,_multiple_submitters,_no_conflicts	NC_000019.10:g.46756227C>T	p.R259R
NM_000000.0(FKRP):c.46756230A>C (p.E260E)		0.0	Likely_benign	criteria_provided,_multiple_submitters,_no_conflicts	NC_000019.10:g.46756230G>A	p.E260E
NM_000000.0(FKRP):c.46756236A>C (p.R262R)		0.0	Likely_benign	criteria_provided,_multiple_submitters,_no_conflicts	NC_000019.10:g.46756236C>T	p.R262R
NM_000000.0(FKRP):c.46756239A>C (p.A263A)		0.0	Likely_benign	criteria_provided,_single_submitter	NC_000019.10:g.46756239T>C	p.A263A
NM_000000.0(FKRP):c.46756245A>C (p.R265R)		0.0	Likely_benign	criteria_provided,_single_submitter	NC_000019.10:g.46756245G>A	p.R265R
NM_000000.0(FKRP):c.46756245A>C (p.R265R)		0.0	Likely_benign	criteria_provided,_multiple_submitters,_no_conflicts	NC_000019.10:g.46756245G>C	p.R265R
NM_000000.0(FKRP):c.46756248A>C (p.A266A)		0.0	Likely_benign	criteria_provided,_single_submitter	NC_000019.10:g.46756248G>A	p.A266A
NM_000000.0(FKRP):c.46756251A>C (p.A267A)		0.0	Likely_benign	criteria_provided,_single_submitter	NC_000019.10:g.46756251G>A	p.A267A
NM_000000.0(FKRP):c.46756257A>C (p.L269L)		0.0	Likely_benign	criteria_provided,_single_submitter	NC_000019.10:g.46756257C>G	p.L269L
NM_000000.0(FKRP):c.46756257A>C (p.L269L)		0.0	Likely_benign	criteria_provided,_single_submitter	NC_000019.10:g.46756257C>T	p.L269L
NM_000000.0(FKRP):c.46756260A>C (p.R270R)		0.0	Likely_benign	criteria_provided,_single_submitter	NC_000019.10:g.46756260C>A	p.R270R
NM_000000.0(FKRP):c.46756260A>C (p.R270R)		0.0	Likely_benign	criteria_provided,_single_submitter	NC_000019.10:g.46756260C>T	p.R270R
NM_000000.0(FKRP):c.46756263A>C (p.A271A)		0.0	Likely_benign	criteria_provided,_multiple_submitters,_no_conflicts	NC_000019.10:g.46756263G>A	p.A271A
NM_000000.0(FKRP):c.46756263A>C (p.A271A)		0.0	Likely_benign	criteria_provided,_single_submitter	NC_000019.10:g.46756263G>C	p.A271A
NM_000000.0(FKRP):c.46756263A>C (p.A271A)		0.0	Likely_benign	criteria_provided,_multiple_submitters,_no_conflicts	NC_000019.10:g.46756263G>T	p.A271A
NM_000000.0(FKRP):c.46756269A>C (p.G273G)		0.0	Likely_benign	criteria_provided,_single_submitter	NC_000019.10:g.46756269C>T	p.G273G
NM_000000.0(FKRP):c.46756275A>C (p.R275R)		0.0	Likely_benign	criteria_provided,_multiple_submitters,_no_conflicts	NC_000019.10:g.46756275C>T	p.R275R
NM_000000.0(FKRP):c.46756276A>C (p.L276L)		0.0	Likely_benign	criteria_provided,_single_submitter	NC_000019.10:g.46756276C>T	p.L276L
NM_000000.0(FKRP):c.46756278A>C (p.L276L)		0.0	Likely_benign	criteria_provided,_multiple_submitters,_no_conflicts	NC_000019.10:g.46756278A>G	p.L276L
NM_000000.0(FKRP):c.46756284A>C (p.S278S)		0.0	Likely_benign	criteria_provided,_single_submitter	NC_000019.10:g.46756284C>T	p.S278S
NM_000000.0(FKRP):c.46756293A>C (p.G281G)		0.0	Likely_benign	criteria_provided,_single_submitter	NC_000019.10:g.46756293C>A	p.G281G
NM_000000.0(FKRP):c.46756293A>C (p.G281G)		0.0	Likely_benign	criteria_provided,_single_submitter	NC_000019.10:g.46756293C>T	p.G281G
NM_000000.0(FKRP):c.46756296A>C (p.G282G)		0.0	Likely_benign	criteria_provided,_single_submitter	NC_000019.10:g.46756296G>C	p.G282G
NM_000000.0(FKRP):c.46756297A>C (p.R283R)		0.0	Likely_benign	criteria_provided,_single_submitter	NC_000019.10:g.46756297C>A	p.R283R
NM_000000.0(FKRP):c.46756299A>C (p.R283R)		0.0	Likely_benign	criteria_provided,_multiple_submitters,_no_conflicts	NC_000019.10:g.46756299G>A	p.R283R
NM_000000.0(FKRP):c.46756302A>C (p.L284L)		0.0	Likely_benign	criteria_provided,_single_submitter	NC_000019.10:g.46756302G>T	p.L284L
NM_000000.0(FKRP):c.46756305A>C (p.E285E)		0.0	Likely_benign	criteria_provided,_single_submitter	NC_000019.10:g.46756305G>A	p.E285E
NM_000000.0(FKRP):c.46756311A>C (p.F287F)		0.0	Likely_benign	criteria_provided,_single_submitter	NC_000019.10:g.46756311C>T	p.F287F
NM_000000.0(FKRP):c.46756317A>C (p.C289C)		0.0	Likely_benign	criteria_provided,_single_submitter	NC_000019.10:g.46756317C>T	p.C289C
NM_000000.0(FKRP):c.46756320A>C (p.N290N)		0.0	Likely_benign	criteria_provided,_single_submitter	NC_000019.10:g.46756320C>T	p.N290N
NM_000000.0(FKRP):c.46756329A>C (p.T293T)		0.0	Likely_benign	criteria_provided,_single_submitter	NC_000019.10:g.46756329C>A	p.T293T
NM_000000.0(FKRP):c.46756329A>C (p.T293T)		0.0	Likely_benign	criteria_provided,_single_submitter	NC_000019.10:g.46756329C>T	p.T293T
NM_000000.0(FKRP):c.46756332A>C (p.T294T)		0.0	Likely_benign	criteria_provided,_single_submitter	NC_000019.10:g.46756332G>A	p.T294T
NM_000000.0(FKRP):c.46756332A>C (p.T294T)		0.0	Likely_benign	criteria_provided,_single_submitter	NC_000019.10:g.46756332G>C	p.T294T
NM_000000.0(FKRP):c.46756332A>C (p.T294T)		0.0	Likely_benign	criteria_provided,_single_submitter	NC_000019.10:g.46756332G>T	p.T294T
NM_000000.0(FKRP):c.46756335A>C (p.R295R)		0.0	Likely_benign	criteria_provided,_single_submitter	NC_000019.10:g.46756335C>G	p.R295R
NM_000000.0(FKRP):c.46756338A>C (p.C296C)		0.0	Likely_benign	criteria_provided,_single_submitter	NC_000019.10:g.46756338C>T	p.C296C
NM_000000.0(FKRP):c.46756341A>C (p.F297F)		0.0	Likely_benign	criteria_provided,_multiple_submitters,_no_conflicts	NC_000019.10:g.46756341C>T	p.F297F
NM_000000.0(FKRP):c.46756347A>C (p.T299T)		0.0	Likely_benign	criteria_provided,_multiple_submitters,_no_conflicts	NC_000019.10:g.46756347C>T	p.T299T
NM_000000.0(FKRP):c.46756350A>C (p.V300V)		0.0	Likely_benign	criteria_provided,_single_submitter	NC_000019.10:g.46756350G>T	p.V300V
NM_000000.0(FKRP):c.46756356A>C (p.G302G)		0.0	Likely_benign	criteria_provided,_single_submitter	NC_000019.10:g.46756356C>T	p.G302G
NM_000000.0(FKRP):c.46756359A>C (p.D303D)		0.0	Likely_benign	criteria_provided,_single_submitter	NC_000019.10:g.46756359C>T	p.D303D
NM_000000.0(FKRP):c.46756362A>C (p.T304T)		0.0	Likely_benign	criteria_provided,_single_submitter	NC_000019.10:g.46756362G>A	p.T304T
NM_000000.0(FKRP):c.46756365A>C (p.P305P)		0.0	Likely_benign	criteria_provided,_multiple_submitters,_no_conflicts	NC_000019.10:g.46756365C>A	p.P305P
NM_000000.0(FKRP):c.46756365A>C (p.P305P)		0.0	Likely_benign	criteria_provided,_single_submitter	NC_000019.10:g.46756365C>G	p.P305P
NM_000000.0(FKRP):c.46756365A>C (p.P305P)		0.0	Likely_benign	criteria_provided,_single_submitter	NC_000019.10:g.46756365C>T	p.P305P
NM_000000.0(FKRP):c.46756368A>C (p.A306A)		0.0	Likely_benign	criteria_provided,_single_submitter	NC_000019.10:g.46756368C>G	p.A306A
NM_000000.0(FKRP):c.46756368A>C (p.A306A)		0.0	Likely_benign	criteria_provided,_single_submitter	NC_000019.10:g.46756368C>T	p.A306A
NM_000000.0(FKRP):c.46756377A>C (p.Y309Y)		0.0	Likely_benign	criteria_provided,_multiple_submitters,_no_conflicts	NC_000019.10:g.46756377C>T	p.Y309Y
NM_000000.0(FKRP):c.46756383A>C (p.E311E)		0.0	Likely_benign	criteria_provided,_multiple_submitters,_no_conflicts	NC_000019.10:g.46756383G>A	p.E311E
NM_000000.0(FKRP):c.46756386A>C (p.R312R)		0.0	Likely_benign	criteria_provided,_multiple_submitters,_no_conflicts	NC_000019.10:g.46756386C>G	p.R312R
NM_000000.0(FKRP):c.46756392A>C (p.T314T)		0.0	Likely_benign	criteria_provided,_single_submitter	NC_000019.10:g.46756392G>A	p.T314T
NM_000000.0(FKRP):c.46756392A>C (p.T314T)		0.0	Likely_benign	criteria_provided,_single_submitter	NC_000019.10:g.46756392G>C	p.T314T
NM_000000.0(FKRP):c.46756395A>C (p.P315P)		0.0	Likely_benign	criteria_provided,_single_submitter	NC_000019.10:g.46756395C>G	p.P315P
NM_000000.0(FKRP):c.46756398A>C (p.P316P)		0.0	Likely_benign	criteria_provided,_multiple_submitters,_no_conflicts	NC_000019.10:g.46756398C>A	p.P316P
NM_000000.0(FKRP):c.46756398A>C (p.P316P)		0.0	Likely_benign	criteria_provided,_multiple_submitters,_no_conflicts	NC_000019.10:g.46756398C>T	p.P316P
NM_000000.0(FKRP):c.46756401A>C (p.C317C)		0.0	Likely_benign	criteria_provided,_single_submitter	NC_000019.10:g.46756401C>T	p.C317C
NM_000000.0(FKRP):c.46756405A>C (p.L319L)		0.0	Likely_benign	criteria_provided,_single_submitter	NC_000019.10:g.46756405C>T	p.L319L
NM_000000.0(FKRP):c.46756407A>C (p.L319L)		0.0	Likely_benign	criteria_provided,_single_submitter	NC_000019.10:g.46756407G>C	p.L319L
NM_000000.0(FKRP):c.46756407A>C (p.L319L)		0.0	Likely_benign	criteria_provided,_single_submitter	NC_000019.10:g.46756407G>T	p.L319L
NM_000000.0(FKRP):c.46756410A>C (p.R320R)		0.0	Likely_benign	criteria_provided,_single_submitter	NC_000019.10:g.46756410C>G	p.R320R
NM_000000.0(FKRP):c.46756410A>C (p.R320R)		0.0	Likely_benign	criteria_provided,_single_submitter	NC_000019.10:g.46756410C>T	p.R320R
NM_000000.0(FKRP):c.46756413A>C (p.A321A)		0.0	Likely_benign	criteria_provided,_single_submitter	NC_000019.10:g.46756413G>A	p.A321A
NM_000000.0(FKRP):c.46756413A>C (p.A321A)		0.0	Likely_benign	criteria_provided,_single_submitter	NC_000019.10:g.46756413G>C	p.A321A
NM_000000.0(FKRP):c.46756419A>C (p.R323R)		0.0	Likely_benign	criteria_provided,_single_submitter	NC_000019.10:g.46756419C>A	p.R323R
NM_000000.0(FKRP):c.46756419A>C (p.R323R)		0.0	Likely_benign	criteria_provided,_multiple_submitters,_no_conflicts	NC_000019.10:g.46756419C>G	p.R323R
NM_000000.0(FKRP):c.46756425A>C (p.T325T)		0.0	Likely_benign	criteria_provided,_single_submitter	NC_000019.10:g.46756425C>G	p.T325T
NM_000000.0(FKRP):c.46756425A>C (p.T325T)		0.0	Likely_benign	criteria_provided,_single_submitter	NC_000019.10:g.46756425C>T	p.T325T
NM_000000.0(FKRP):c.46756428A>C (p.A326A)		0.0	Likely_benign	criteria_provided,_single_submitter	NC_000019.10:g.46756428C>A	p.A326A
NM_000000.0(FKRP):c.46756428A>C (p.A326A)		0.0	Likely_benign	criteria_provided,_multiple_submitters,_no_conflicts	NC_000019.10:g.46756428C>T	p.A326A
NM_000000.0(FKRP):c.46756431A>C (p.R327R)		0.0	Likely_benign	criteria_provided,_single_submitter	NC_000019.10:g.46756431C>T	p.R327R
NM_000000.0(FKRP):c.46756434A>C (p.Y328Y)		0.0	Likely_benign	criteria_provided,_single_submitter	NC_000019.10:g.46756434T>C	p.Y328Y
NM_000000.0(FKRP):c.46756437A>C (p.V329V)		0.0	Likely_benign	criteria_provided,_single_submitter	NC_000019.10:g.46756437G>A	p.V329V
NM_000000.0(FKRP):c.46756437A>C (p.V329V)		0.0	Likely_benign	criteria_provided,_single_submitter	NC_000019.10:g.46756437G>T	p.V329V
NM_000000.0(FKRP):c.46756440A>C (p.V330V)		0.0	Likely_benign	criteria_provided,_single_submitter	NC_000019.10:g.46756440G>A	p.V330V
NM_000000.0(FKRP):c.46756446A>C (p.V332V)		0.0	Likely_benign	criteria_provided,_single_submitter	NC_000019.10:g.46756446G>A	p.V332V
NM_000000.0(FKRP):c.46756458A>C (p.A336A)		0.0	Likely_benign	criteria_provided,_multiple_submitters,_no_conflicts	NC_000019.10:g.46756458G>C	p.A336A
NM_000000.0(FKRP):c.46756458A>C (p.A336A)		0.0	Likely_benign	criteria_provided,_single_submitter	NC_000019.10:g.46756458G>T	p.A336A
NM_000000.0(FKRP):c.46756461A>C (p.G337G)		0.0	Likely_benign	criteria_provided,_multiple_submitters,_no_conflicts	NC_000019.10:g.46756461C>A	p.G337G
NM_000000.0(FKRP):c.46756464A>C (p.V338V)		0.0	Likely_benign	criteria_provided,_single_submitter	NC_000019.10:g.46756464G>C	p.V338V
NM_000000.0(FKRP):c.46756470A>C (p.Y340Y)		0.0	Benign/Likely_benign	criteria_provided,_multiple_submitters,_no_conflicts	NC_000019.10:g.46756470C>T	p.Y340Y
NM_000000.0(FKRP):c.46756476A>C (p.L342L)		0.0	Likely_benign	criteria_provided,_single_submitter	NC_000019.10:g.46756476C>A	p.L342L
NM_000000.0(FKRP):c.46756479A>C (p.E343E)		0.0	Likely_benign	criteria_provided,_single_submitter	NC_000019.10:g.46756479G>A	p.E343E
NM_000000.0(FKRP):c.46756482A>C (p.G344G)		0.0	Likely_benign	criteria_provided,_single_submitter	NC_000019.10:g.46756482C>A	p.G344G
NM_000000.0(FKRP):c.46756482A>C (p.G344G)		0.0	Likely_benign	criteria_provided,_multiple_submitters,_no_conflicts	NC_000019.10:g.46756482C>T	p.G344G
NM_000000.0(FKRP):c.46756488A>C (p.S346S)		0.0	Likely_benign	criteria_provided,_multiple_submitters,_no_conflicts	NC_000019.10:g.46756488A>G	p.S346S
NM_000000.0(FKRP):c.46756488A>C (p.S346S)		0.0	Likely_benign	criteria_provided,_single_submitter	NC_000019.10:g.46756488A>T	p.S346S
NM_000000.0(FKRP):c.46756489A>C (p.L347L)		0.0	Likely_benign	criteria_provided,_single_submitter	NC_000019.10:g.46756489C>T	p.L347L
NM_000000.0(FKRP):c.46756491A>C (p.L347L)		0.0	Likely_benign	criteria_provided,_single_submitter	NC_000019.10:g.46756491G>A	p.L347L
NM_000000.0(FKRP):c.46756497A>C (p.G349G)		0.0	Likely_benign	criteria_provided,_multiple_submitters,_no_conflicts	NC_000019.10:g.46756497G>A	p.G349G
NM_000000.0(FKRP):c.46756500A>C (p.A350A)		0.0	Likely_benign	criteria_provided,_single_submitter	NC_000019.10:g.46756500C>G	p.A350A
NM_000000.0(FKRP):c.46756500A>C (p.A350A)		0.0	Likely_benign	criteria_provided,_single_submitter	NC_000019.10:g.46756500C>T	p.A350A
NM_000000.0(FKRP):c.46756506A>C (p.R352R)		0.0	Likely_benign	criteria_provided,_multiple_submitters,_no_conflicts	NC_000019.10:g.46756506C>T	p.R352R
NM_000000.0(FKRP):c.46756509A>C (p.H353H)		0.0	Likely_benign	criteria_provided,_multiple_submitters,_no_conflicts	NC_000019.10:g.46756509C>T	p.H353H
NM_000000.0(FKRP):c.46756512A>C (p.G354G)		0.0	Likely_benign	criteria_provided,_single_submitter	NC_000019.10:g.46756512G>A	p.G354G
NM_000000.0(FKRP):c.46756515A>C (p.D355D)		0.0	Likely_benign	criteria_provided,_single_submitter	NC_000019.10:g.46756515C>T	p.D355D
NM_000000.0(FKRP):c.46756524A>C (p.P358P)		0.0	Likely_benign	criteria_provided,_single_submitter	NC_000019.10:g.46756524A>G	p.P358P
NM_000000.0(FKRP):c.46756533A>C (p.Y361Y)		0.0	Likely_benign	criteria_provided,_single_submitter	NC_000019.10:g.46756533C>T	p.Y361Y
NM_000000.0(FKRP):c.46756536A>C (p.D362D)		0.0	Likely_benign	criteria_provided,_multiple_submitters,_no_conflicts	NC_000019.10:g.46756536C>T	p.D362D
NM_000000.0(FKRP):c.46756542A>C (p.D364D)		0.0	Likely_benign	criteria_provided,_single_submitter	NC_000019.10:g.46756542C>T	p.D364D
NM_000000.0(FKRP):c.46756548A>C (p.G366G)		0.0	Likely_benign	criteria_provided,_single_submitter	NC_000019.10:g.46756548C>T	p.G366G
NM_000000.0(FKRP):c.46756551A>C (p.I367I)		0.0	Likely_benign	criteria_provided,_single_submitter	NC_000019.10:g.46756551C>T	p.I367I
NM_000000.0(FKRP):c.46756555A>C (p.L369L)		0.0	Likely_benign	criteria_provided,_single_submitter	NC_000019.10:g.46756555T>C	p.L369L
NM_000000.0(FKRP):c.46756557A>C (p.L369L)		0.0	Likely_benign	criteria_provided,_single_submitter	NC_000019.10:g.46756557G>A	p.L369L
NM_000000.0(FKRP):c.46756569A>C (p.G373G)		0.0	Likely_benign	criteria_provided,_multiple_submitters,_no_conflicts	NC_000019.10:g.46756569C>A	p.G373G
NM_000000.0(FKRP):c.46756569A>C (p.G373G)		0.0	Likely_benign	criteria_provided,_single_submitter	NC_000019.10:g.46756569C>T	p.G373G
NM_000000.0(FKRP):c.46756581A>C (p.Q377Q)		0.0	Likely_benign	criteria_provided,_single_submitter	NC_000019.10:g.46756581G>A	p.Q377Q
NM_000000.0(FKRP):c.46756582A>C (p.L378L)		0.0	Likely_benign	criteria_provided,_multiple_submitters,_no_conflicts	NC_000019.10:g.46756582C>T	p.L378L
NM_000000.0(FKRP):c.46756584A>C (p.L378L)		0.0	Likely_benign	criteria_provided,_multiple_submitters,_no_conflicts	NC_000019.10:g.46756584G>A	p.L378L
NM_000000.0(FKRP):c.46756584A>C (p.L378L)		0.0	Likely_benign	criteria_provided,_single_submitter	NC_000019.10:g.46756584G>T	p.L378L
NM_000000.0(FKRP):c.46756590A>C (p.G380G)		0.0	Likely_benign	criteria_provided,_multiple_submitters,_no_conflicts	NC_000019.10:g.46756590G>C	p.G380G
NM_000000.0(FKRP):c.46756590A>C (p.G380G)		0.0	Likely_benign	criteria_provided,_single_submitter	NC_000019.10:g.46756590G>T	p.G380G
NM_000000.0(FKRP):c.46756593A>C (p.A381A)		0.0	Likely_benign	criteria_provided,_multiple_submitters,_no_conflicts	NC_000019.10:g.46756593A>C	p.A381A
NM_000000.0(FKRP):c.46756596A>C (p.E382E)		0.0	Likely_benign	criteria_provided,_multiple_submitters,_no_conflicts	NC_000019.10:g.46756596G>A	p.E382E
NM_000000.0(FKRP):c.46756599A>C (p.A383A)		0.0	Likely_benign	criteria_provided,_single_submitter	NC_000019.10:g.46756599C>A	p.A383A
NM_000000.0(FKRP):c.46756599A>C (p.A383A)		0.0	Likely_benign	criteria_provided,_single_submitter	NC_000019.10:g.46756599C>T	p.A383A
NM_000000.0(FKRP):c.46756605A>C (p.S385S)		0.0	Likely_benign	criteria_provided,_single_submitter	NC_000019.10:g.46756605G>A	p.S385S
NM_000000.0(FKRP):c.46756605A>C (p.S385S)		0.0	Likely_benign	criteria_provided,_single_submitter	NC_000019.10:g.46756605G>C	p.S385S
NM_000000.0(FKRP):c.46756605A>C (p.S385S)		0.0	Likely_benign	criteria_provided,_single_submitter	NC_000019.10:g.46756605G>T	p.S385S
NM_000000.0(FKRP):c.46756608A>C (p.V386V)		0.0	Likely_benign	criteria_provided,_multiple_submitters,_no_conflicts	NC_000019.10:g.46756608G>C	p.V386V
NM_000000.0(FKRP):c.46756608A>C (p.V386V)		0.0	Likely_benign	criteria_provided,_single_submitter	NC_000019.10:g.46756608G>T	p.V386V
NM_000000.0(FKRP):c.46756611A>C (p.V387V)		0.0	Likely_benign	criteria_provided,_single_submitter	NC_000019.10:g.46756611G>A	p.V387V
NM_000000.0(FKRP):c.46756614A>C (p.D388D)		0.0	Likely_benign	criteria_provided,_multiple_submitters,_no_conflicts	NC_000019.10:g.46756614T>C	p.D388D
NM_000000.0(FKRP):c.46756617A>C (p.E389E)		0.0	Likely_benign	criteria_provided,_single_submitter	NC_000019.10:g.46756617G>A	p.E389E
NM_000000.0(FKRP):c.46756620A>C (p.R390R)		0.0	Likely_benign	criteria_provided,_single_submitter	NC_000019.10:g.46756620C>T	p.R390R
NM_000000.0(FKRP):c.46756623A>C (p.G391G)		0.0	Likely_benign	criteria_provided,_multiple_submitters,_no_conflicts	NC_000019.10:g.46756623C>T	p.G391G
NM_000000.0(FKRP):c.46756626A>C (p.F392F)		0.0	Likely_benign	criteria_provided,_multiple_submitters,_no_conflicts	NC_000019.10:g.46756626C>T	p.F392F
NM_000000.0(FKRP):c.46756629A>C (p.V393V)		0.0	Likely_benign	criteria_provided,_single_submitter	NC_000019.10:g.46756629A>C	p.V393V
NM_000000.0(FKRP):c.46756629A>C (p.V393V)		0.0	Benign/Likely_benign	criteria_provided,_multiple_submitters,_no_conflicts	NC_000019.10:g.46756629A>G	p.V393V
NM_000000.0(FKRP):c.46756641A>C (p.A397A)		0.0	Likely_benign	criteria_provided,_multiple_submitters,_no_conflicts	NC_000019.10:g.46756641G>A	p.A397A
NM_000000.0(FKRP):c.46756641A>C (p.A397A)		0.0	Likely_benign	criteria_provided,_single_submitter	NC_000019.10:g.46756641G>C	p.A397A
NM_000000.0(FKRP):c.46756641A>C (p.A397A)		0.0	Likely_benign	criteria_provided,_single_submitter	NC_000019.10:g.46756641G>T	p.A397A
NM_000000.0(FKRP):c.46756644A>C (p.V398V)		0.0	Likely_benign	criteria_provided,_single_submitter	NC_000019.10:g.46756644C>G	p.V398V
NM_000000.0(FKRP):c.46756647A>C (p.E399E)		0.0	Likely_benign	criteria_provided,_single_submitter	NC_000019.10:g.46756647G>A	p.E399E
NM_000000.0(FKRP):c.46756650A>C (p.G400G)		0.0	Likely_benign	criteria_provided,_single_submitter	NC_000019.10:g.46756650C>T	p.G400G
NM_000000.0(FKRP):c.46756653A>C (p.D401D)		0.0	Likely_benign	criteria_provided,_single_submitter	NC_000019.10:g.46756653C>T	p.D401D
NM_000000.0(FKRP):c.46756656A>C (p.F402F)		0.0	Likely_benign	criteria_provided,_single_submitter	NC_000019.10:g.46756656T>C	p.F402F
NM_000000.0(FKRP):c.46756665A>C (p.V405V)		0.0	Likely_benign	criteria_provided,_single_submitter	NC_000019.10:g.46756665G>T	p.V405V
NM_000000.0(FKRP):c.46756668A>C (p.Q406Q)		0.0	Likely_benign	criteria_provided,_single_submitter	NC_000019.10:g.46756668G>A	p.Q406Q
NM_000000.0(FKRP):c.46756671A>C (p.Y407Y)		0.0	Likely_benign	criteria_provided,_single_submitter	NC_000019.10:g.46756671C>T	p.Y407Y
NM_000000.0(FKRP):c.46756674A>C (p.S408S)		0.0	Likely_benign	criteria_provided,_multiple_submitters,_no_conflicts	NC_000019.10:g.46756674C>T	p.S408S
NM_000000.0(FKRP):c.46756677A>C (p.E409E)		0.0	Likely_benign	criteria_provided,_single_submitter	NC_000019.10:g.46756677A>G	p.E409E
NM_000000.0(FKRP):c.46756683A>C (p.N411N)		0.0	Likely_benign	criteria_provided,_multiple_submitters,_no_conflicts	NC_000019.10:g.46756683C>T	p.N411N
NM_000000.0(FKRP):c.46756687A>C (p.L413L)		0.0	Likely_benign	criteria_provided,_multiple_submitters,_no_conflicts	NC_000019.10:g.46756687T>C	p.L413L
NM_000000.0(FKRP):c.46756692A>C (p.H414H)		0.0	Likely_benign	criteria_provided,_single_submitter	NC_000019.10:g.46756692C>T	p.H414H
NM_000000.0(FKRP):c.46756699A>C (p.L417L)		0.0	Likely_benign	criteria_provided,_single_submitter	NC_000019.10:g.46756699C>T	p.L417L
NM_000000.0(FKRP):c.46756701A>C (p.L417L)		0.0	Likely_benign	criteria_provided,_single_submitter	NC_000019.10:g.46756701G>A	p.L417L
NM_000000.0(FKRP):c.46756707A>C (p.P419P)		0.0	Likely_benign	criteria_provided,_single_submitter	NC_000019.10:g.46756707C>T	p.P419P
NM_000000.0(FKRP):c.46756713A>C (p.Y421Y)		0.0	Likely_benign	criteria_provided,_multiple_submitters,_no_conflicts	NC_000019.10:g.46756713C>T	p.Y421Y
NM_000000.0(FKRP):c.46756716A>C (p.P422P)		0.0	Likely_benign	criteria_provided,_multiple_submitters,_no_conflicts	NC_000019.10:g.46756716C>G	p.P422P
NM_000000.0(FKRP):c.46756719A>C (p.R423R)		0.0	Likely_benign	criteria_provided,_single_submitter	NC_000019.10:g.46756719C>A	p.R423R
NM_000000.0(FKRP):c.46756719A>C (p.R423R)		0.0	Likely_benign	criteria_provided,_single_submitter	NC_000019.10:g.46756719C>G	p.R423R
NM_000000.0(FKRP):c.46756722A>C (p.N424N)		0.0	Likely_benign	criteria_provided,_multiple_submitters,_no_conflicts	NC_000019.10:g.46756722T>C	p.N424N
NM_000000.0(FKRP):c.46756725A>C (p.G425G)		0.0	Likely_benign	criteria_provided,_single_submitter	NC_000019.10:g.46756725C>G	p.G425G
NM_000000.0(FKRP):c.46756725A>C (p.G425G)		0.0	Likely_benign	criteria_provided,_single_submitter	NC_000019.10:g.46756725C>T	p.G425G
NM_000000.0(FKRP):c.46756737A>C (p.K429K)		0.0	Likely_benign	criteria_provided,_single_submitter	NC_000019.10:g.46756737G>A	p.K429K
NM_000000.0(FKRP):c.46756749A>C (p.L433L)		0.0	Likely_benign	criteria_provided,_single_submitter	NC_000019.10:g.46756749G>C	p.L433L
NM_000000.0(FKRP):c.46756755A>C (p.H435H)		0.0	Likely_benign	criteria_provided,_single_submitter	NC_000019.10:g.46756755C>T	p.H435H
NM_000000.0(FKRP):c.46756764A>C (p.D438D)		0.0	Likely_benign	criteria_provided,_single_submitter	NC_000019.10:g.46756764T>C	p.D438D
NM_000000.0(FKRP):c.46756767A>C (p.V439V)		0.0	Likely_benign	criteria_provided,_multiple_submitters,_no_conflicts	NC_000019.10:g.46756767G>A	p.V439V
NM_000000.0(FKRP):c.46756767A>C (p.V439V)		0.0	Likely_benign	criteria_provided,_single_submitter	NC_000019.10:g.46756767G>C	p.V439V
NM_000000.0(FKRP):c.46756770A>C (p.E440E)		0.0	Likely_benign	criteria_provided,_multiple_submitters,_no_conflicts	NC_000019.10:g.46756770G>A	p.E440E
NM_000000.0(FKRP):c.46756773A>C (p.F441F)		0.0	Likely_benign	criteria_provided,_single_submitter	NC_000019.10:g.46756773T>C	p.F441F
NM_000000.0(FKRP):c.46756776A>C (p.P442P)		0.0	Likely_benign	criteria_provided,_multiple_submitters,_no_conflicts	NC_000019.10:g.46756776C>T	p.P442P
NM_000000.0(FKRP):c.46756779A>C (p.E443E)		0.0	Likely_benign	criteria_provided,_single_submitter	NC_000019.10:g.46756779G>A	p.E443E
NM_000000.0(FKRP):c.46756782A>C (p.H444H)		0.0	Likely_benign	criteria_provided,_single_submitter	NC_000019.10:g.46756782C>T	p.H444H
NM_000000.0(FKRP):c.46756786A>C (p.L446L)		0.0	Likely_benign	criteria_provided,_multiple_submitters,_no_conflicts	NC_000019.10:g.46756786C>T	p.L446L
NM_000000.0(FKRP):c.46756788A>C (p.L446L)		0.0	Likely_benign	criteria_provided,_single_submitter	NC_000019.10:g.46756788G>A	p.L446L
NM_000000.0(FKRP):c.46756791A>C (p.Q447Q)		0.0	Likely_benign	criteria_provided,_single_submitter	NC_000019.10:g.46756791G>A	p.Q447Q
NM_000000.0(FKRP):c.46756794A>C (p.P448P)		0.0	Likely_benign	criteria_provided,_single_submitter	NC_000019.10:g.46756794G>A	p.P448P
NM_000000.0(FKRP):c.46756794A>C (p.P448P)		0.0	Likely_benign	criteria_provided,_single_submitter	NC_000019.10:g.46756794G>C	p.P448P
NM_000000.0(FKRP):c.46756794A>C (p.P448P)		0.0	Likely_benign	criteria_provided,_multiple_submitters,_no_conflicts	NC_000019.10:g.46756794G>T	p.P448P
NM_000000.0(FKRP):c.46756795A>C (p.L449L)		0.0	Likely_benign	criteria_provided,_single_submitter	NC_000019.10:g.46756795C>T	p.L449L
NM_000000.0(FKRP):c.46756797A>C (p.L449L)		0.0	Likely_benign	criteria_provided,_single_submitter	NC_000019.10:g.46756797G>C	p.L449L
NM_000000.0(FKRP):c.46756803A>C (p.P451P)		0.0	Likely_benign	criteria_provided,_single_submitter	NC_000019.10:g.46756803C>A	p.P451P
NM_000000.0(FKRP):c.46756803A>C (p.P451P)		0.0	Likely_benign	criteria_provided,_multiple_submitters,_no_conflicts	NC_000019.10:g.46756803C>T	p.P451P
NM_000000.0(FKRP):c.46756812A>C (p.F454F)		0.0	Likely_benign	criteria_provided,_single_submitter	NC_000019.10:g.46756812T>C	p.F454F
NM_000000.0(FKRP):c.46756815A>C (p.A455A)		0.0	Likely_benign	criteria_provided,_single_submitter	NC_000019.10:g.46756815C>A	p.A455A
NM_000000.0(FKRP):c.46756815A>C (p.A455A)		0.0	Likely_benign	criteria_provided,_single_submitter	NC_000019.10:g.46756815C>G	p.A455A
NM_000000.0(FKRP):c.46756815A>C (p.A455A)		0.0	Likely_benign	criteria_provided,_single_submitter	NC_000019.10:g.46756815C>T	p.A455A
NM_000000.0(FKRP):c.46756818A>C (p.G456G)		0.0	Likely_benign	criteria_provided,_multiple_submitters,_no_conflicts	NC_000019.10:g.46756818C>T	p.G456G
NM_000000.0(FKRP):c.46756824A>C (p.V458V)		0.0	Likely_benign	criteria_provided,_single_submitter	NC_000019.10:g.46756824G>A	p.V458V
NM_000000.0(FKRP):c.46756827A>C (p.A459A)		0.0	Likely_benign	criteria_provided,_single_submitter	NC_000019.10:g.46756827G>C	p.A459A
NM_000000.0(FKRP):c.46756827A>C (p.A459A)		0.0	Likely_benign	criteria_provided,_single_submitter	NC_000019.10:g.46756827G>T	p.A459A
NM_000000.0(FKRP):c.46756833A>C (p.A461A)		0.0	Likely_benign	criteria_provided,_single_submitter	NC_000019.10:g.46756833G>A	p.A461A
NM_000000.0(FKRP):c.46756833A>C (p.A461A)		0.0	Likely_benign	criteria_provided,_single_submitter	NC_000019.10:g.46756833G>C	p.A461A
NM_000000.0(FKRP):c.46756836A>C (p.P462P)		0.0	Likely_benign	criteria_provided,_single_submitter	NC_000019.10:g.46756836T>C	p.P462P
NM_000000.0(FKRP):c.46756836A>C (p.P462P)		0.0	Likely_benign	criteria_provided,_multiple_submitters,_no_conflicts	NC_000019.10:g.46756836T>G	p.P462P
NM_000000.0(FKRP):c.46756839A>C (p.N463N)		0.0	Likely_benign	criteria_provided,_single_submitter	NC_000019.10:g.46756839C>T	p.N463N
NM_000000.0(FKRP):c.46756854A>C (p.F468F)		0.0	Likely_benign	criteria_provided,_single_submitter	NC_000019.10:g.46756854C>T	p.F468F
NM_000000.0(FKRP):c.46756857A>C (p.L469L)		0.0	Likely_benign	criteria_provided,_multiple_submitters,_no_conflicts	NC_000019.10:g.46756857G>A	p.L469L
NM_000000.0(FKRP):c.46756863A>C (p.L471L)		0.0	Likely_benign	criteria_provided,_single_submitter	NC_000019.10:g.46756863C>A	p.L471L
NM_000000.0(FKRP):c.46756866A>C (p.K472K)		0.0	Likely_benign	criteria_provided,_single_submitter	NC_000019.10:g.46756866G>A	p.K472K
NM_000000.0(FKRP):c.46756869A>C (p.F473F)		0.0	Likely_benign	criteria_provided,_single_submitter	NC_000019.10:g.46756869C>T	p.F473F
NM_000000.0(FKRP):c.46756872A>C (p.G474G)		0.0	Likely_benign	criteria_provided,_single_submitter	NC_000019.10:g.46756872G>A	p.G474G
NM_000000.0(FKRP):c.46756872A>C (p.G474G)		0.0	Likely_benign	criteria_provided,_single_submitter	NC_000019.10:g.46756872G>T	p.G474G
NM_000000.0(FKRP):c.46756878A>C (p.G476G)		0.0	Likely_benign	criteria_provided,_single_submitter	NC_000019.10:g.46756878G>T	p.G476G
NM_000000.0(FKRP):c.46756881A>C (p.V477V)		0.0	Likely_benign	no_assertion_criteria_provided	NC_000019.10:g.46756881C>A	p.V477V
NM_000000.0(FKRP):c.46756890A>C (p.N480N)		0.0	Benign/Likely_benign	criteria_provided,_multiple_submitters,_no_conflicts	NC_000019.10:g.46756890C>T	p.N480N
NM_000000.0(FKRP):c.46756893A>C (p.P481P)		0.0	Likely_benign	criteria_provided,_single_submitter	NC_000019.10:g.46756893C>G	p.P481P
NM_000000.0(FKRP):c.46756893A>C (p.P481P)		0.0	Likely_benign	criteria_provided,_single_submitter	NC_000019.10:g.46756893C>T	p.P481P
NM_000000.0(FKRP):c.46756899A>C (p.Y483Y)		0.0	Likely_benign	criteria_provided,_single_submitter	NC_000019.10:g.46756899C>T	p.Y483Y
NM_000000.0(FKRP):c.46756905A>C (p.N485N)		0.0	Likely_benign	criteria_provided,_single_submitter	NC_000019.10:g.46756905C>T	p.N485N
NM_000000.0(FKRP):c.46756908A>C (p.P486P)		0.0	Likely_benign	criteria_provided,_single_submitter	NC_000019.10:g.46756908G>A	p.P486P
NM_000000.0(FKRP):c.46756908A>C (p.P486P)		0.0	Likely_benign	criteria_provided,_multiple_submitters,_no_conflicts	NC_000019.10:g.46756908G>C	p.P486P
NM_000000.0(FKRP):c.46756911A>C (p.A487A)		0.0	Likely_benign	criteria_provided,_multiple_submitters,_no_conflicts	NC_000019.10:g.46756911A>G	p.A487A
NM_000000.0(FKRP):c.46756915A>C (p.L489L)		0.0	Likely_benign	criteria_provided,_multiple_submitters,_no_conflicts	NC_000019.10:g.46756915C>T	p.L489L
NM_000000.0(FKRP):c.46756932A>C (p.S494S)		0.0	Likely_benign	criteria_provided,_multiple_submitters,_no_conflicts	NC_000019.10:g.46756932C>T	p.S494S
